Indiv_ID,Treat_ID,Treat_Date,LP_Survi,PE_Survi,L_Mass,P_Mass,A_Mass,LP_Devel,PE_Devel,Sex,Abdom_L,Abdom_W,Forew_L,Hindw_A,Fem_Fecun
A01,A,5/31/2018,1,1,0.00158,0.52942,0.20957,41,14,M,16.193,4.61,30.564,346.943,NA
A02,A,5/31/2018,1,1,0.00114,0.55602,0.37136,49,14,F,14.023,5.472,NA,NA,NA
A03,A,5/31/2018,1,1,0.00097,0.4944,0.21014,47,14,M,10.697,3.427,32.562,351.045,NA
A04,A,5/31/2018,1,1,0.00087,0.6756,0.28634,54,17,F,12.696,5.009,33.595,400.819,NA
A05,A,5/31/2018,1,1,0.00102,0.4874,0.20752,46,15,M,11.113,3.898,31.585,346.029,NA
A06,A,5/31/2018,1,1,0.00079,0.43997,0.19786,42,14,M,14.861,4.034,29.538,353.326,NA
A07,A,5/31/2018,1,1,0.00124,0.57721,0.24123,47,14,F,12.144,4.168,34.305,395.473,212
A08,A,5/31/2018,1,1,0.00095,0.44367,0.20333,48,13,M,12.924,4.804,29.715,294.955,NA
A09,A,5/31/2018,0,NA,0.00043,NA,NA,NA,NA,NA,NA,NA,NA,NA,NA
A10,A,5/31/2018,1,1,0.0007,0.53292,0.20306,48,13,M,14.738,4.672,31.821,346.843,NA
A11,A,5/31/2018,1,1,0.00119,0.65647,0.28422,53,16,F,13.055,4.853,33.083,391.917,NA
A12,A,5/31/2018,1,1,0.00214,0.46837,0.17256,41,14,M,12.095,3.603,32.241,347.075,NA
A13,A,5/31/2018,1,1,0.00103,0.62036,0.28223,49,14,F,12.472,5.14,35.347,430.688,NA
A14,A,5/31/2018,1,1,0.00068,0.66553,0.28921,61,16,F,14.793,4.881,35.463,461.802,NA
A15,A,5/31/2018,1,1,0.00091,0.52932,0.20874,53,14,M,13.711,4.159,32.326,323.763,NA
A16,A,5/31/2018,1,1,0.00094,0.36804,0.17875,44,14,M,12.35,4.154,29.049,280.343,NA
A17,A,5/31/2018,1,1,0.00169,0.52133,0.19293,40,14,M,17.339,4.534,30.951,365.606,NA
A18,A,5/31/2018,0,NA,0.0012,NA,NA,NA,NA,NA,NA,NA,NA,NA,NA
A19,A,5/31/2018,1,1,0.00096,0.53921,0.2123,58,16,M,15.732,4.247,31.455,361.221,NA
A20,A,5/31/2018,1,0,0.00123,0.43887,NA,46,NA,NA,NA,NA,NA,NA,NA
A21,A,6/2/2018,1,1,0.00096,0.48528,0.20726,46,14,M,13.962,4.247,30.792,328.069,NA
A22,A,6/2/2018,0,NA,0.00081,NA,NA,NA,NA,NA,NA,NA,NA,NA,NA
A23,A,6/2/2018,1,1,0.00081,0.56557,0.25186,52,16,F,11.516,5.172,31.61,347.417,NA
A24,A,6/2/2018,1,1,0.00066,0.5685,0.24544,51,16,F,12.154,4.63,36.86,448.175,351
A25,A,6/2/2018,1,1,0.00053,0.51783,0.25827,48,14,M,11.868,4.896,31.573,349.932,NA
A26,A,6/2/2018,1,1,0.00031,0.5868,0.28272,52,13,F,14.36,5.829,34.385,417.622,NA
A27,A,6/2/2018,1,1,0.00044,0.44152,0.20144,46,14,M,12.305,4.387,30.935,328.919,NA
A28,A,6/2/2018,1,1,0.00031,0.54757,0.22997,58,16,F,12.113,4.535,32.127,352.366,NA
A29,A,6/2/2018,1,1,0.00035,0.46571,0.18292,52,16,M,11.91,3.858,32.157,375.944,NA
A30,A,6/2/2018,1,1,0.0006,0.59241,0.30578,52,16,F,12.146,5.366,30.272,391.087,NA
A31,A,6/6/2018,1,1,0.00027,0.47326,0.20698,57,14,M,13.124,3.839,28.152,330.863,NA
A32,A,6/6/2018,1,1,0.00095,0.45018,0.20511,57,14,M,13.754,4.093,28.297,297.803,NA
A33,A,6/6/2018,1,0,0.00125,0.36818,NA,52,NA,NA,NA,NA,NA,NA,NA
A34,A,6/6/2018,1,1,0.00049,0.4539,0.15035,52,14,M,14.91,4.251,30.955,311.173,NA
A35,A,6/6/2018,1,1,0.00082,0.44963,0.17239,51,15,M,12.748,3.668,29.715,296.962,NA
A36,A,6/6/2018,1,1,0.00137,0.37403,0.17324,50,13,M,14.215,4.714,27.885,260.478,NA
A37,A,6/6/2018,0,NA,0.0017,NA,NA,NA,NA,NA,NA,NA,NA,NA,NA
A38,A,6/6/2018,1,1,0.00048,0.40993,0.16077,48,13,M,12.373,3.363,26.931,259.3,NA
A39,A,6/6/2018,1,1,0.00111,0.57812,0.23941,53,14,F,12.044,3.752,31.653,376.598,NA
A40,A,6/6/2018,1,1,0.00127,0.6101,0.29741,52,16,F,14.46,5.409,32.463,357.898,321
C01,C,5/31/2018,1,0,0.00063,0.54446,NA,47,NA,NA,NA,NA,NA,NA,NA
C02,C,5/31/2018,1,1,0.00097,0.69885,0.26913,50,16,F,13.182,4.647,34.449,413.991,NA
C03,C,5/31/2018,1,1,0.00095,0.50847,0.24031,47,14,F,13.358,5.406,31.427,365.094,41
C04,C,5/31/2018,1,1,0.00093,0.46659,0.21671,46,15,M,11.266,4.426,31.124,331.003,NA
C05,C,5/31/2018,0,NA,0.00108,NA,NA,NA,NA,NA,NA,NA,NA,NA,NA
C06,C,5/31/2018,1,1,0.00057,0.53215,0.20212,47,14,M,11.604,3.815,29.683,318.758,NA
C07,C,5/31/2018,1,1,0.00076,0.5526,0.2481,47,14,F,15.042,4.523,33.642,387.146,0
C08,C,5/31/2018,1,1,0.0009,0.51442,0.24796,42,15,M,13.975,4.866,31.202,344.882,NA
C09,C,5/31/2018,1,1,0.00108,0.46819,0.21851,43,15,M,13.097,4.771,33.151,361.583,NA
C10,C,5/31/2018,1,1,0.00089,0.62229,0.33516,49,15,F,13.387,5.363,35.631,445.127,156
C11,C,5/31/2018,1,1,0.00119,0.44648,0.19701,43,15,M,15.525,4.307,31.454,315.942,NA
C12,C,5/31/2018,1,1,0.00068,0.67648,0.28267,54,15,F,13.428,4.937,34.439,451.15,NA
C13,C,5/31/2018,1,1,0.00059,0.66478,0.27694,55,16,F,11.899,4.873,34.82,391.228,287
C14,C,5/31/2018,1,1,0.00061,0.46395,0.19726,43,14,M,15.193,4.5,31.139,322.676,NA
C15,C,5/31/2018,1,1,0.00062,0.45035,0.17265,47,14,M,11.994,3.589,31.207,317.404,NA
C16,C,5/31/2018,1,1,0.00084,0.51772,0.21169,43,15,M,14.706,3.685,31.905,358.567,NA
C17,C,5/31/2018,1,1,0.00154,0.50149,0.19488,39,15,M,13.305,4.339,31.663,344.198,NA
C18,C,5/31/2018,1,1,0.00163,0.52072,0.17795,41,14,M,12.484,4.094,31.909,319.316,NA
C19,C,5/31/2018,1,1,0.00108,0.56908,0.27942,53,15,F,14.04,5.564,33.467,392.035,NA
C20,C,5/31/2018,1,1,0.00127,0.49938,0.19557,41,14,M,13.82,3.785,32.053,342.51,NA
C21,C,6/2/2018,1,1,0.00079,0.5891,0.28038,50,17,F,14.065,5.111,30.473,405.164,198
C22,C,6/2/2018,1,1,0.00049,0.45274,0.16275,45,14,M,12.128,3.616,29.684,302.449,NA
C23,C,6/2/2018,1,1,0.00084,0.51985,0.25052,48,14,F,14.022,5.074,NA,326.796,203
C24,C,6/2/2018,1,1,0.00071,0.60896,0.42657,48,15,F,NA,NA,35.641,434.858,6
C25,C,6/2/2018,1,1,0.00066,0.65799,0.29548,52,16,F,13.386,4.75,33.214,392.889,NA
C26,C,6/2/2018,1,1,0.00104,0.55829,0.25184,42,15,M,14.067,5.124,30.933,360.909,NA
C27,C,6/2/2018,1,1,0.00124,0.64002,0.30523,52,16,F,11.42,4.803,33.065,389.493,NA
C28,C,6/2/2018,1,1,0.00085,0.41569,0.16648,41,14,M,12.034,4.047,32.046,337.124,NA
C29,C,6/2/2018,1,1,0.00057,0.60471,0.27904,54,15,F,13.29,4.724,34.882,446.375,NA
C30,C,6/2/2018,1,1,0.00065,0.46371,0.20924,47,14,M,10.974,4.202,30.108,311.431,NA
C31,C,6/6/2018,1,1,0.00036,0.57714,0.32034,54,15,F,15.218,5.449,31.573,351.966,NA
C32,C,6/6/2018,1,1,0.00097,0.61963,0.31748,54,15,F,13.498,5.732,31.302,387.133,NA
C33,C,6/6/2018,1,1,0.00096,0.41924,0.16797,52,14,M,11.158,3.731,30.734,318.757,NA
C34,C,6/6/2018,1,1,0.00105,0.64823,0.27042,52,15,F,12.711,4.435,34.348,404.546,NA
C35,C,6/6/2018,1,1,0.00135,0.5873,0.21272,52,15,F,12.151,4.366,33.519,376.595,NA
C36,C,6/6/2018,0,NA,0.00024,NA,NA,NA,NA,NA,NA,NA,NA,NA,NA
C37,C,6/6/2018,0,NA,0.00031,NA,NA,NA,NA,NA,NA,NA,NA,NA,NA
C38,C,6/6/2018,1,1,0.00181,0.49203,0.18683,45,13,M,14.242,3.773,32.364,369.498,NA
C39,C,6/6/2018,0,NA,0.0018,NA,NA,NA,NA,NA,NA,NA,NA,NA,NA
C40,C,6/6/2018,1,1,0.00131,0.57218,0.25589,48,14,F,NA,NA,32.298,361.381,0
CA01,CA,5/31/2018,1,1,0.0008,0.6563,0.40607,49,14,F,12.999,5.876,32.51,355.632,116
CA02,CA,5/31/2018,1,1,0.001,0.69007,0.26927,49,14,F,13.983,4.915,36.988,471.135,205
CA03,CA,5/31/2018,1,1,0.00078,0.54548,0.27936,43,14,M,15.105,4.646,32.533,356.627,NA
CA04,CA,5/31/2018,1,1,0.00108,0.42692,0.17032,42,13,M,14.607,3.9,29.361,299.149,NA
CA05,CA,5/31/2018,1,1,0.00134,0.55881,0.2233,47,14,F,12.871,3.943,31.993,356.219,291
CA06,CA,5/31/2018,0,NA,0.00102,NA,NA,NA,NA,NA,NA,NA,NA,NA,NA
CA07,CA,5/31/2018,1,0,0.00116,0.70684,NA,45,NA,NA,NA,NA,NA,NA,NA
CA08,CA,5/31/2018,0,NA,0.00063,NA,NA,NA,NA,NA,NA,NA,NA,NA,NA
CA09,CA,5/31/2018,1,1,0.00141,0.6529,0.39039,47,16,F,16.468,5.901,36.329,464.569,NA
CA10,CA,5/31/2018,1,1,0.00107,0.48424,0.19563,43,14,M,12.187,3.917,30.6,303.752,NA
CA11,CA,5/31/2018,1,1,0.00093,0.49303,0.17639,39,14,M,14.453,3.025,31.028,340.793,NA
CA12,CA,5/31/2018,0,NA,0.00079,NA,NA,NA,NA,NA,NA,NA,NA,NA,NA
CA13,CA,5/31/2018,1,1,0.00129,0.47987,0.18518,41,14,M,13.077,3.686,30.168,308.212,NA
CA14,CA,5/31/2018,1,1,0.00098,0.51345,0.2123,46,15,M,14.045,3.824,32.265,347.563,NA
CA15,CA,5/31/2018,1,1,0.00163,0.5098,0.36784,46,14,M,NA,NA,29.055,310.473,NA
CA16,CA,5/31/2018,1,1,0.00168,0.48167,0.20181,43,14,M,13.312,3.647,29.942,317.651,NA
CA17,CA,5/31/2018,0,NA,0.00084,NA,NA,NA,NA,NA,NA,NA,NA,NA,NA
CA18,CA,5/31/2018,1,1,0.00117,0.51058,0.19967,47,13,M,11.765,4.067,32.434,375.471,NA
CA19,CA,5/31/2018,1,1,0.00071,0.4486,0.16132,42,14,M,14.093,3.658,30.317,301.092,NA
CA20,CA,5/31/2018,0,NA,0.00068,NA,NA,NA,NA,NA,NA,NA,NA,NA,NA
CA21,CA,6/2/2018,1,1,0.00075,0.61883,0.29122,48,15,F,13.054,5.078,35.044,423.596,NA
CA22,CA,6/2/2018,1,1,0.00041,0.59113,0.25307,54,15,F,13.362,4.854,30.926,371.42,NA
CA23,CA,6/2/2018,1,1,0.00045,0.57889,0.28347,47,15,F,14.126,5.06,34.677,426.76,NA
CA24,CA,6/2/2018,1,1,0.0007,0.50809,0.27485,45,14,F,14.545,5.278,34.585,357.334,NA
CA25,CA,6/2/2018,1,1,0.00109,0.71592,0.39567,49,14,F,14.746,5.567,35.758,412.067,NA
CA26,CA,6/2/2018,1,1,0.00087,0.45976,0.17686,41,14,M,14.106,4.229,31.682,360.629,NA
CA27,CA,6/2/2018,1,1,0.00071,0.46194,0.16565,46,14,M,12.221,3.593,30.019,318.451,NA
CA28,CA,6/2/2018,1,1,0.0008,0.48232,0.18072,41,14,M,15.495,4.144,31.313,337.987,NA
CA29,CA,6/2/2018,1,1,0.00092,0.73779,0.32797,52,16,F,11.992,5.944,35.887,469.949,NA
CA30,CA,6/2/2018,1,1,0.00069,0.55393,0.23905,53,14,F,13.079,5.148,34.821,382.573,NA
CA31,CA,6/6/2018,1,1,0.00132,0.57689,0.24577,53,14,F,12.842,4.637,37.567,488.237,NA
CA32,CA,6/6/2018,0,NA,0.00043,NA,NA,NA,NA,NA,NA,NA,NA,NA,NA
CA33,CA,6/6/2018,1,1,0.00066,0.52843,0.19555,53,14,M,11.241,3.909,33.566,370.593,NA
CA34,CA,6/6/2018,0,NA,0.00065,NA,NA,NA,NA,NA,NA,NA,NA,NA,NA
CA35,CA,6/6/2018,1,1,0.00054,0.62016,0.25095,56,16,F,13.546,4.573,34.218,403.492,NA
CA36,CA,6/6/2018,1,1,0.00127,0.52129,0.21787,48,14,M,11.861,4.593,32.316,334.964,NA
CA37,CA,6/6/2018,1,1,0.00155,0.55093,0.23711,45,14,M,15.615,4.431,32.363,374.447,NA
CA38,CA,6/6/2018,1,1,0.00176,0.55967,0.28215,50,16,F,14.999,5.672,31.633,356.873,NA
CA39,CA,6/6/2018,0,NA,0.00032,NA,NA,NA,NA,NA,NA,NA,NA,NA,NA
CA40,CA,6/6/2018,1,1,0.00117,0.68886,0.31083,56,17,F,13.739,5.143,34.045,399.712,NA
CN01,CN,5/31/2018,1,1,0.00144,0.52006,0.18063,41,14,M,14.891,3.871,32.258,365.765,NA
CN02,CN,5/31/2018,1,1,0.00108,0.56761,0.23676,52,16,M,13.645,4.386,32.742,380.599,NA
CN03,CN,5/31/2018,0,NA,0.00072,NA,NA,NA,NA,NA,NA,NA,NA,NA,NA
CN04,CN,5/31/2018,1,1,0.00113,0.54526,0.29965,47,16,F,13.551,5.508,31.541,352.795,NA
CN05,CN,5/31/2018,1,1,0.00064,0.41358,0.17396,40,14,M,14.211,4.049,29.537,280.652,NA
CN06,CN,5/31/2018,1,1,0.00066,0.62865,0.29547,48,15,F,11.705,5.778,36.143,429.358,75
CN07,CN,5/31/2018,1,1,0.00079,0.69875,0.29193,51,17,F,12.584,4.498,36.428,426.642,NA
CN08,CN,5/31/2018,1,1,0.00109,0.64804,0.30782,53,15,F,13.544,5.377,36.192,442.451,291
CN09,CN,5/31/2018,1,1,0.00102,0.48034,0.18142,43,14,M,13.247,4.058,30.132,316.057,NA
CN10,CN,5/31/2018,1,1,0.00137,0.52436,0.18523,41,15,M,14.487,3.911,31.729,331.352,NA
CN11,CN,5/31/2018,1,1,0.00107,0.45937,0.17547,41,15,M,13.957,3.932,28.591,309.555,NA
CN12,CN,5/31/2018,1,0,0.00095,0.48282,NA,45,NA,NA,NA,NA,NA,NA,NA
CN13,CN,5/31/2018,1,1,0.00065,0.62434,0.28367,54,14,F,13.804,4.92,36.001,465.887,NA
CN14,CN,5/31/2018,1,1,0.00102,0.50256,0.26279,48,13,M,13.989,4.247,31.53,348.614,NA
CN15,CN,5/31/2018,1,1,0.0008,0.48058,0.20064,42,14,M,11.958,3.675,31.469,312.167,NA
CN16,CN,5/31/2018,0,NA,0.00134,NA,NA,NA,NA,NA,NA,NA,NA,NA,NA
CN17,CN,5/31/2018,1,1,0.00077,0.63167,0.24275,49,15,F,13.744,4.534,33.813,387.02,NA
CN18,CN,5/31/2018,1,1,0.00073,0.63558,0.32001,49,15,F,11.022,5.746,34.127,401.218,332
CN19,CN,5/31/2018,1,1,0.00089,0.45211,0.17606,41,15,M,15.291,3.354,31.262,334.562,NA
CN20,CN,5/31/2018,1,1,0.00087,0.52412,0.24458,44,14,M,15.255,4.702,33.105,374.46,NA
CN21,CN,6/2/2018,1,1,0.00072,0.51422,0.25074,59,16,F,13.726,4.505,32.234,357.143,NA
CN22,CN,6/2/2018,1,1,0.00048,0.62051,0.26157,53,15,F,14.572,4.31,34.351,432.047,NA
CN23,CN,6/2/2018,1,1,0.0008,0.53744,0.21586,43,14,M,13.486,4.332,32.331,351.683,NA
CN24,CN,6/2/2018,1,1,0.00058,0.54093,0.27755,48,15,F,11.672,5.055,33.356,384.492,0
CN25,CN,6/2/2018,1,1,0.00039,0.40583,0.17269,47,14,M,11.693,6.312,30.034,314.627,NA
CN26,CN,6/2/2018,1,1,0.0011,0.56417,0.26163,46,16,F,12.46,4.718,33.201,394.429,NA
CN27,CN,6/2/2018,0,NA,0.00055,NA,NA,NA,NA,NA,NA,NA,NA,NA,NA
CN28,CN,6/2/2018,0,NA,0.00056,NA,NA,NA,NA,NA,NA,NA,NA,NA,NA
CN29,CN,6/2/2018,1,1,0.00049,0.59702,0.33585,49,16,F,14.433,5.581,33.742,394.764,NA
CN30,CN,6/2/2018,1,1,0.00077,0.55442,0.23647,51,16,F,12.697,5.207,33.293,398.322,NA
CN31,CN,6/6/2018,1,1,0.00173,0.67058,0.30164,53,16,F,14.059,5.773,34.493,406.266,NA
CN32,CN,6/6/2018,1,1,0.00171,0.53794,0.2335,47,14,M,14.093,4.301,32.113,366.283,NA
CN33,CN,6/6/2018,1,1,0.00053,0.37194,0.14008,72,15,M,12.811,3.434,28.089,267.192,NA
CN34,CN,6/6/2018,1,0,0.00106,0.50564,NA,53,NA,NA,NA,NA,NA,NA,NA
CN35,CN,6/6/2018,1,1,0.00191,0.64526,0.28678,54,15,F,12.714,5.426,33.033,402.478,NA
CN36,CN,6/6/2018,0,NA,0.00043,NA,NA,NA,NA,NA,NA,NA,NA,NA,NA
CN37,CN,6/6/2018,1,0,0.00212,0.5735,NA,55,NA,NA,NA,NA,NA,NA,NA
CN38,CN,6/6/2018,1,1,0.00125,0.62091,0.269,55,17,F,16.241,5.271,32.961,366.031,297
CN39,CN,6/6/2018,1,1,0.002,0.48024,0.21788,48,14,M,12.424,4.6,31.038,319.836,NA
CN40,CN,6/6/2018,1,1,0.00046,0.70626,0.31846,58,17,F,13.594,5.144,34.948,418.377,NA
F01,F,5/31/2018,1,1,0.0016,0.4015,0.14077,44,13,M,11.929,3.176,24.145,NA,NA
F02,F,5/31/2018,1,1,0.00124,0.42354,0.16173,43,14,M,14.831,3.682,31.58,335.614,NA
F03,F,5/31/2018,1,1,0.00092,0.59737,0.26324,52,17,F,13.152,4.755,33.806,394.135,NA
F04,F,5/31/2018,1,1,0.00053,0.5636,0.24021,53,15,F,12.82,4.721,32.792,372.952,NA
F05,F,5/31/2018,1,1,0.00141,0.46679,0.21985,50,14,F,13.607,5.352,29.902,298.536,NA
F06,F,5/31/2018,1,1,0.00106,0.46811,0.20959,44,14,M,13.87,4.523,33.006,376.065,NA
F07,F,5/31/2018,1,1,0.0006,0.61587,0.25797,54,14,F,12.968,4.929,36.196,411.993,NA
F08,F,5/31/2018,1,1,0.00042,0.50187,0.2223,52,16,F,11.773,4.164,33.153,387.961,NA
F09,F,5/31/2018,1,1,0.00124,0.47916,0.18636,46,15,M,13.781,3.383,31.246,333.757,NA
F10,F,5/31/2018,1,1,0.00052,0.51627,0.22988,52,16,F,12.676,5.119,33.678,396.956,NA
F11,F,5/31/2018,1,1,0.00054,0.55135,0.25596,50,15,M,11.23,4.119,31.842,347.692,NA
F12,F,5/31/2018,1,1,0.00072,0.51399,0.25923,48,14,M,14.405,4.881,29.193,314.646,NA
F13,F,5/31/2018,1,1,0.00063,0.61964,0.27619,56,16,F,12.52,4.751,33.098,401.653,NA
F14,F,5/31/2018,1,0,0.00096,0.58144,NA,55,NA,NA,NA,NA,NA,NA,NA
F15,F,5/31/2018,1,1,0.00142,0.57027,0.24115,46,16,F,10.376,4.312,33.088,306.341,NA
F16,F,5/31/2018,1,1,0.00065,0.60387,0.29784,52,17,F,12.85,5.463,34.44,426.555,NA
F17,F,5/31/2018,1,1,0.00126,0.57347,0.25207,51,17,F,11.129,4.238,34.048,399.565,NA
F18,F,5/31/2018,1,1,0.0004,0.45806,0.17086,45,14,M,10.966,3.642,31.436,327.127,NA
F19,F,5/31/2018,1,0,0.00089,0.61098,NA,48,NA,NA,NA,NA,NA,NA,NA
F20,F,5/31/2018,1,1,0.00071,0.57,0.25069,49,13,F,12.733,4.244,32.499,373.396,NA
F21,F,6/2/2018,1,1,0.00065,0.41795,0.28506,49,14,M,15.093,4.534,33.568,379.064,NA
F22,F,6/2/2018,0,NA,0.00044,NA,NA,NA,NA,NA,NA,NA,NA,NA,NA
F23,F,6/2/2018,1,1,0.00097,0.5055,0.21002,46,15,M,14.356,4.011,30.816,327.181,NA
F24,F,6/2/2018,1,1,0.00074,0.60704,0.25334,52,16,F,10.807,4.772,34.473,434.971,NA
F25,F,6/2/2018,1,1,0.00049,0.64023,0.30406,60,17,F,14.74,5.193,34.967,427.726,NA
F26,F,6/2/2018,1,1,0.0008,0.54986,0.26754,50,16,F,13.367,5.062,34.28,402.736,145
F27,F,6/2/2018,1,1,0.00038,0.60484,0.24596,52,17,F,14.656,5.112,32.362,326.285,NA
F28,F,6/2/2018,1,1,0.00038,0.40757,0.19638,47,13,M,13.54,4.129,28.577,282.934,NA
F29,F,6/2/2018,1,1,0.00045,0.44871,0.17734,46,13,M,14.163,3.934,29.922,300.766,NA
F30,F,6/2/2018,1,1,0.00045,0.56982,0.27959,48,14,F,11.135,5.564,33.76,372.092,NA
F31,F,6/6/2018,0,NA,0.00036,NA,NA,NA,NA,NA,NA,NA,NA,NA,NA
F32,F,6/6/2018,1,1,0.00194,0.53261,0.29753,50,15,M,13.344,4.707,32.119,363.194,NA
F33,F,6/6/2018,0,NA,0.00035,NA,NA,NA,NA,NA,NA,NA,NA,NA,NA
F34,F,6/6/2018,1,1,0.00053,0.6743,0.25805,70,16,F,14.18,5.013,34.622,410.284,NA
F35,F,6/6/2018,1,1,0.00083,0.61818,0.27388,57,16,F,14.375,5.022,33.507,393.256,15
F36,F,6/6/2018,1,1,0.00166,0.62921,0.30525,53,15,F,13.956,5.386,36.58,466.723,NA
F37,F,6/6/2018,1,1,0.0014,0.58587,0.22113,56,16,F,11.321,4.408,32.662,379.871,NA
F38,F,6/6/2018,0,NA,0.00185,NA,NA,NA,NA,NA,NA,NA,NA,NA,NA
F39,F,6/6/2018,1,1,0.00205,0.47022,0.24018,48,14,M,14.876,4.886,30.589,324.71,NA
F40,F,6/6/2018,1,1,0.00057,0.57489,0.26452,59,16,F,13.948,5.035,31.909,375.825,335
FA01,FA,5/31/2018,1,1,0.00066,0.46279,0.17533,51,15,M,10.386,3.676,29.502,287.212,NA
FA02,FA,5/31/2018,1,1,0.00121,0.48911,0.17697,51,15,M,12.141,4.07,30.733,327.699,NA
FA03,FA,5/31/2018,1,1,0.0005,0.46556,0.19941,56,14,F,12.258,4.324,31.121,336.993,NA
FA04,FA,5/31/2018,1,1,0.00107,0.52173,0.20261,47,14,M,12.448,3.613,30.995,326.444,NA
FA05,FA,5/31/2018,1,1,0.00149,0.5085,0.19729,41,14,M,13.874,3.701,35.338,409.187,NA
FA06,FA,5/31/2018,1,1,0.00076,0.48185,0.28887,49,13,M,14.49,4.685,31.062,336.567,NA
FA07,FA,5/31/2018,1,1,0.00112,0.46235,0.18032,41,14,M,13.538,4.38,30.488,317.252,NA
FA08,FA,5/31/2018,1,1,0.00066,0.43829,0.21893,49,13,M,15.527,3.738,30.554,322.996,NA
FA09,FA,5/31/2018,1,1,0.0009,0.64766,0.30437,57,16,F,12.23,6.364,35.101,447.571,NA
FA10,FA,5/31/2018,1,0,0.00082,0.39371,NA,39,NA,NA,NA,NA,NA,NA,NA
FA11,FA,5/31/2018,1,1,0.0013,0.59948,0.27971,51,16,F,13.554,4.941,32.527,371.69,NA
FA12,FA,5/31/2018,1,1,0.00093,0.64059,0.30354,49,14,F,13.662,4.786,35.48,436.719,411
FA13,FA,5/31/2018,1,1,0.00101,0.56576,0.32259,46,14,F,14.942,5.425,32.604,371.703,243
FA14,FA,5/31/2018,0,NA,0.00107,NA,NA,NA,NA,NA,NA,NA,NA,NA,NA
FA15,FA,5/31/2018,1,1,0.00079,0.58014,0.25658,52,15,F,10.806,4.61,34.377,412.423,NA
FA16,FA,5/31/2018,0,NA,0.00101,NA,NA,NA,NA,NA,NA,NA,NA,NA,NA
FA17,FA,5/31/2018,1,1,0.00105,0.63521,0.26246,53,14,F,11.481,4.442,35.972,439.562,NA
FA18,FA,5/31/2018,1,1,0.00107,0.44992,0.19271,46,14,M,12.446,4.016,30.43,325.418,NA
FA19,FA,5/31/2018,1,0,0.00098,0.42857,NA,49,NA,NA,NA,NA,NA,NA,NA
FA20,FA,5/31/2018,0,NA,0.00111,NA,NA,NA,NA,NA,NA,NA,NA,NA,NA
FA21,FA,6/2/2018,1,1,0.0008,0.47372,0.18585,43,13,M,13.51,4.573,29.086,302.143,NA
FA22,FA,6/2/2018,0,NA,0.00049,NA,NA,NA,NA,NA,NA,NA,NA,NA,NA
FA23,FA,6/2/2018,1,1,0.00112,0.57293,0.31911,47,14,F,13.347,5.438,34.25,395.825,266
FA24,FA,6/2/2018,1,1,0.00042,0.37492,0.13492,53,14,M,12.573,3.263,28.839,279.541,NA
FA25,FA,6/2/2018,1,1,0.00125,0.50138,0.18189,42,13,M,14.603,3.715,30.411,308.74,NA
FA26,FA,6/2/2018,1,1,0.00042,0.62384,0.26693,51,17,F,13.968,5.606,33.576,388.753,328
FA27,FA,6/2/2018,0,NA,0.00102,NA,NA,NA,NA,NA,NA,NA,NA,NA,NA
FA28,FA,6/2/2018,1,1,0.00103,0.52599,0.23697,54,16,F,13.23,4.472,31.728,345.178,NA
FA29,FA,6/2/2018,0,NA,0.00032,NA,NA,NA,NA,NA,NA,NA,NA,NA,NA
FA30,FA,6/2/2018,1,1,0.00084,0.36574,0.17894,46,14,M,12.772,3.855,27.743,275.006,NA
FA31,FA,6/6/2018,1,1,0.001,0.55709,0.27355,56,15,F,12.976,5.394,32.241,385.147,98
FA32,FA,6/6/2018,0,NA,0.00049,NA,NA,NA,NA,NA,NA,NA,NA,NA,NA
FA33,FA,6/6/2018,1,1,0.00066,0.39643,0.16157,51,15,M,11.443,3.294,29.055,293.288,NA
FA34,FA,6/6/2018,0,NA,0.0009,NA,NA,NA,NA,NA,NA,NA,NA,NA,NA
FA35,FA,6/6/2018,1,1,0.00136,0.47288,0.1745,54,13,M,13.91,3.843,29.732,355.113,NA
FA36,FA,6/6/2018,1,1,0.00156,0.42564,0.20747,47,13,M,13.646,4.084,31.377,332.315,NA
FA37,FA,6/6/2018,1,1,0.0007,0.55143,0.21716,56,16,F,11.658,3.941,30.921,324.923,NA
FA38,FA,6/6/2018,1,1,0.00119,0.64594,0.26284,57,15,F,12.647,5.072,34.24,377.873,NA
FA39,FA,6/6/2018,1,1,0.00032,0.53929,0.34077,61,14,F,NA,NA,NA,NA,NA
FA40,FA,6/6/2018,1,1,0.00064,0.52204,0.22709,55,16,F,13.927,4.629,NA,NA,NA
FN01,FN,5/31/2018,1,1,0.00079,0.48012,0.25207,49,13,M,13.516,5.212,31.242,322.919,NA
FN02,FN,5/31/2018,0,NA,0.00159,NA,NA,NA,NA,NA,NA,NA,NA,NA,NA
FN03,FN,5/31/2018,1,1,0.00081,0.61951,0.32597,58,16,F,14.304,5.745,34.883,425.245,NA
FN04,FN,5/31/2018,1,1,0.00063,0.60679,0.27856,54,14,F,11.709,4.829,35.345,450.555,NA
FN05,FN,5/31/2018,1,1,0.00046,0.35483,0.17249,48,13,M,11.464,3.817,26.861,261.214,NA
FN06,FN,5/31/2018,0,NA,0.00068,NA,NA,NA,NA,NA,NA,NA,NA,NA,NA
FN07,FN,5/31/2018,1,1,0.00085,0.63727,0.27524,53,16,F,11.739,4.794,34.17,419.017,NA
FN08,FN,5/31/2018,1,0,0.00063,0.47949,NA,46,NA,NA,NA,NA,NA,NA,NA
FN09,FN,5/31/2018,1,1,0.00066,0.51329,0.19927,47,13,M,14.173,3.68,31.68,351.789,NA
FN10,FN,5/31/2018,1,1,0.00071,0.49344,0.22514,50,15,M,10.348,4.341,30.043,322.272,NA
FN11,FN,5/31/2018,1,1,0.00097,0.59155,0.26912,54,15,F,14.044,5.414,32.719,396.345,NA
FN12,FN,5/31/2018,1,1,0.00082,0.58756,0.25924,51,17,F,11.034,4.52,35.679,432.776,NA
FN13,FN,5/31/2018,1,1,0.00055,0.67321,0.28599,57,17,F,12.193,5.649,34.05,399.21,NA
FN14,FN,5/31/2018,1,1,0.00125,0.71164,0.31293,54,16,F,15.759,5.365,35.956,457.131,NA
FN15,FN,5/31/2018,1,1,0.00091,0.4598,0.1926,45,13,M,16.114,4.305,30.115,323.68,NA
FN16,FN,5/31/2018,0,NA,0.00144,NA,NA,NA,NA,NA,NA,NA,NA,NA,NA
FN17,FN,5/31/2018,1,1,0.00097,0.5839,0.26568,52,16,F,13.306,4.519,33.964,425.22,NA
FN18,FN,5/31/2018,0,NA,0.00077,NA,NA,NA,NA,NA,NA,NA,NA,NA,NA
FN19,FN,5/31/2018,1,1,0.00132,0.57378,0.2693,49,13,F,10.001,5.496,34.5,405.691,564
FN20,FN,5/31/2018,1,1,0.0005,0.48027,0.20635,49,14,M,13.418,4.439,32.173,366.874,NA
FN21,FN,6/2/2018,1,1,0.00156,0.51113,0.24385,52,16,F,13.521,4.897,31.947,344.02,NA
FN22,FN,6/2/2018,1,1,0.00125,0.53509,0.23605,52,16,F,12.177,4.69,33.488,392.681,NA
FN23,FN,6/2/2018,1,1,0.00108,0.53949,0.23488,45,15,M,15.711,4.419,33.23,368.984,NA
FN24,FN,6/2/2018,1,1,0.00042,0.45863,0.21363,44,14,M,16.152,4.199,28.221,299.916,NA
FN25,FN,6/2/2018,1,1,0.00055,0.44782,0.17221,48,13,M,13.223,3.479,30.87,344.131,NA
FN26,FN,6/2/2018,1,1,0.00121,0.59031,0.28131,48,15,F,11.588,4.753,34.078,372.539,NA
FN27,FN,6/2/2018,1,0,0.0005,0.48197,NA,50,NA,NA,NA,NA,NA,NA,NA
FN28,FN,6/2/2018,1,1,0.00073,0.61968,0.26071,59,15,F,12.973,5.112,32.004,358.711,NA
FN29,FN,6/2/2018,1,1,0.00116,0.60498,0.26956,51,17,F,12.721,4.831,33.425,397.486,123
FN30,FN,6/2/2018,1,1,0.00044,0.55765,0.26899,50,15,F,11.428,5.252,33.558,382.206,13
FN31,FN,6/6/2018,1,1,0.00079,0.33066,0.15653,56,13,M,12.802,3.827,28.574,268.85,NA
FN32,FN,6/6/2018,1,1,0.00063,0.44889,0.23258,49,13,M,15.666,4.425,29.662,310.474,NA
FN33,FN,6/6/2018,0,NA,0.00041,NA,NA,NA,NA,NA,NA,NA,NA,NA,NA
FN34,FN,6/6/2018,1,1,0.00162,0.46889,0.20562,47,13,M,11.368,4.387,31.614,356.367,NA
FN35,FN,6/6/2018,0,NA,0.00072,NA,NA,NA,NA,NA,NA,NA,NA,NA,NA
FN36,FN,6/6/2018,0,NA,0.00118,NA,NA,NA,NA,NA,NA,NA,NA,NA,NA
FN37,FN,6/6/2018,0,NA,0.00114,NA,NA,NA,NA,NA,NA,NA,NA,NA,NA
FN38,FN,6/6/2018,1,1,0.00098,0.53102,0.21572,52,15,M,13.48,4.14,30.452,386.367,NA
FN39,FN,6/6/2018,1,1,0.0012,0.65745,0.29252,55,16,F,11.425,4.542,34.386,421.67,185
FN40,FN,6/6/2018,1,1,0.0008,0.50431,0.20973,55,16,F,11.027,4.436,33.546,390.218,NA
N01,N,5/31/2018,1,1,0.0015,0.44646,0.21494,49,14,M,13.836,5.731,34.686,415.725,NA
N02,N,5/31/2018,1,1,0.00085,0.58981,0.24387,51,16,F,15.213,4.687,30.55,319.306,NA
N03,N,5/31/2018,1,1,0.00122,0.43851,0.19353,45,14,M,11.742,4.919,32.851,386.78,NA
N04,N,5/31/2018,0,NA,0.00063,NA,NA,NA,NA,NA,13.477,3.725,30.766,317.723,NA
N05,N,5/31/2018,1,1,0.00104,0.51065,0.1827,47,14,M,NA,NA,NA,NA,NA
N06,N,5/31/2018,1,1,0.00071,0.4771,0.19841,48,14,M,14.986,3.298,30.513,245.081,NA
N07,N,5/31/2018,1,1,0.00094,0.48982,0.2038,50,15,M,12.306,3.794,31.953,343.709,NA
N08,N,5/31/2018,1,1,0.00071,0.57244,0.24678,54,15,F,10.449,4.187,31.671,362.876,NA
N09,N,5/31/2018,1,1,0.00165,0.45837,0.18158,44,15,M,11.242,4.318,32.864,374.613,NA
N10,N,5/31/2018,1,1,0.00066,0.54271,0.23451,49,14,M,12.33,3.893,32.542,319.738,NA
N11,N,5/31/2018,1,1,0.00042,0.67618,0.29383,59,17,F,13.299,4.493,32.575,363.198,NA
N12,N,5/31/2018,1,1,0.0005,0.48013,0.27116,45,14,M,14.605,4.987,33.317,399.231,NA
N13,N,5/31/2018,1,1,0.0005,0.63631,0.26876,53,15,F,16.616,4.507,31.108,318.634,NA
N14,N,5/31/2018,1,1,0.00095,0.59011,0.24399,51,16,F,12.059,4.96,36.063,456.623,NA
N15,N,5/31/2018,0,NA,0.00146,NA,NA,NA,NA,NA,13.379,4.609,32.022,400.789,NA
N16,N,5/31/2018,1,1,0.00123,0.66502,0.26299,52,15,F,12.559,5.067,36.839,462.165,NA
N17,N,5/31/2018,1,1,0.00065,0.61205,0.2613,51,16,F,12.559,5.067,36.839,462.165,NA
N18,N,5/31/2018,1,1,0.00089,0.48639,0.176,51,16,M,14.325,3.809,33.329,369.575,NA
N19,N,5/31/2018,1,1,0.00082,0.65415,0.28674,51,16,F,15.724,4.174,31.904,358.127,NA
N20,N,5/31/2018,1,1,0.00063,0.52552,0.23342,53,15,F,15.608,5.289,35.586,414.014,NA
N21,N,6/2/2018,1,1,0.0007,0.573,0.29415,49,14,F,12.133,4.496,33.458,387.654,0
N22,N,6/2/2018,1,1,0.00087,0.58064,0.28579,52,15,F,15.091,5.553,31.279,362.15,NA
N23,N,6/2/2018,1,1,0.00087,0.52388,0.24744,49,13,F,11.006,5.079,31.947,355.898,208
N24,N,6/2/2018,1,1,0.00078,0.565,0.30043,50,16,F,12.604,6.137,34.684,386.79,NA
N25,N,6/2/2018,1,1,0.0008,0.53969,0.2451,48,14,M,14.806,4.378,31.802,353.738,NA
N26,N,6/2/2018,0,NA,0.00076,NA,NA,NA,NA,NA,NA,NA,NA,NA,NA
N27,N,6/2/2018,1,1,0.00045,0.47631,0.15707,51,15,M,13.552,4.393,29.582,302.235,NA
N28,N,6/2/2018,1,0,0.00059,0.3989,NA,49,NA,NA,NA,NA,NA,NA,NA
N29,N,6/2/2018,1,1,0.00058,0.48258,0.24926,49,14,F,13.48,5.611,33.054,388.477,321
N30,N,6/2/2018,0,NA,0.00034,NA,NA,NA,NA,NA,NA,NA,NA,NA,NA
N31,N,6/6/2018,1,1,0.00067,0.58599,0.27826,55,15,F,12.135,4.584,34.495,438.05,NA
N32,N,6/6/2018,1,1,0.00144,0.42562,0.20962,48,13,M,14.772,4.404,30.377,307.982,NA
N33,N,6/6/2018,1,1,0.00094,0.55837,0.27786,58,17,F,14.533,4.794,32.769,369.818,NA
N34,N,6/6/2018,0,NA,0.00073,NA,NA,NA,NA,NA,NA,NA,NA,NA,NA
N35,N,6/6/2018,1,1,0.00043,0.48528,0.23178,63,15,F,12.929,5.071,29.476,329.714,153
N36,N,6/6/2018,1,1,0.0004,0.55667,0.2505,56,16,F,12.333,4.536,31.938,373.7,NA
N37,N,6/6/2018,0,NA,0.00161,NA,NA,NA,NA,NA,NA,NA,NA,NA,NA
N38,N,6/6/2018,1,1,0.00058,0.57873,0.27622,58,17,F,12.864,4.95,34.51,404.539,NA
N39,N,6/6/2018,1,1,0.0018,0.54333,0.2117,50,15,M,10.736,3.976,32.346,358.274,NA
N40,N,6/6/2018,1,1,0.00196,0.57398,0.2113,51,15,F,8.97,3.845,31.87,354.632,0
U01,U,5/31/2018,1,1,0.00092,0.58528,0.2603,52,14,F,14.743,5.063,35.016,408.726,NA
U02,U,5/31/2018,1,1,0.00107,0.55115,0.29296,49,13,M,13.785,5.526,32.118,380.508,NA
U03,U,5/31/2018,0,NA,0.00074,NA,NA,NA,NA,NA,NA,NA,NA,NA,NA
U04,U,5/31/2018,1,1,0.00079,0.47139,0.20413,46,14,M,12.281,4.164,31.166,342.597,NA
U05,U,5/31/2018,1,1,0.00074,0.65213,0.27947,53,16,F,15.177,5.089,34.736,417.509,NA
U06,U,5/31/2018,1,1,0.00076,0.47046,0.22883,50,15,M,15.814,4.17,29.54,309.194,NA
U07,U,5/31/2018,0,NA,0.00091,NA,NA,NA,NA,NA,NA,NA,NA,NA,NA
U08,U,5/31/2018,1,1,0.00142,0.53504,0.22329,46,16,M,10.887,4.532,33.541,362.109,NA
U09,U,5/31/2018,1,1,0.00071,0.46333,0.20019,47,13,M,10.733,3.62,31.217,331.23,NA
U10,U,5/31/2018,1,1,0.00042,0.37896,0.20955,45,13,M,14.177,3.995,30.306,291.007,NA
U11,U,5/31/2018,1,1,0.00103,0.65509,0.37793,60,18,F,16.481,6.409,35.146,423.468,96
U12,U,5/31/2018,1,1,0.00084,0.49875,0.19109,51,15,M,12.958,3.712,33.01,365.265,NA
U13,U,5/31/2018,0,NA,0.00064,NA,NA,NA,NA,NA,NA,NA,NA,NA,NA
U14,U,5/31/2018,0,NA,0.00044,NA,NA,NA,NA,NA,NA,NA,NA,NA,NA
U15,U,5/31/2018,1,1,0.00148,0.44083,0.17203,41,14,M,13.337,3.616,29.077,290.865,NA
U16,U,5/31/2018,1,1,0.00053,0.61929,0.29219,50,18,F,15.505,4.755,32.636,402.441,NA
U17,U,5/31/2018,1,1,0.0009,0.51112,0.23352,47,13,M,12.924,3.83,32.35,351.922,NA
U18,U,5/31/2018,0,NA,0.00074,NA,NA,NA,NA,NA,NA,NA,NA,NA,NA
U19,U,5/31/2018,0,NA,0.00078,NA,NA,NA,NA,NA,NA,NA,NA,NA,NA
U20,U,5/31/2018,1,1,0.00179,0.52543,0.23609,41,13,M,13.683,4.892,32.465,344.417,NA
U21,U,6/2/2018,0,NA,0.00056,NA,NA,NA,NA,NA,NA,NA,NA,NA,NA
U22,U,6/2/2018,1,1,0.00076,0.50345,0.20821,44,15,M,13.5,4.122,30.358,311.083,NA
U23,U,6/2/2018,1,1,0.00132,0.57846,0.26921,50,17,F,15.362,5.139,35.191,426.779,NA
U24,U,6/2/2018,1,1,0.00049,0.42514,0.17908,50,14,M,12.369,3.867,31.075,330.272,NA
U25,U,6/2/2018,0,NA,0.0007,NA,NA,NA,NA,NA,NA,NA,NA,NA,NA
U26,U,6/2/2018,1,1,0.00047,0.62018,0.30325,59,16,F,13.29,5.599,33.427,399.253,21
U27,U,6/2/2018,1,1,0.00059,0.45696,0.19029,46,14,M,12.618,4.13,30.473,303.55,NA
U28,U,6/2/2018,0,NA,0.00049,NA,NA,NA,NA,NA,NA,NA,NA,NA,NA
U29,U,6/2/2018,1,1,0.00084,0.70385,0.31853,53,16,F,11.865,5.478,34.933,456.571,NA
U30,U,6/2/2018,0,NA,0.00041,NA,NA,NA,NA,NA,NA,NA,NA,NA,NA
U31,U,6/6/2018,0,NA,0.00154,NA,NA,NA,NA,NA,NA,NA,NA,NA,NA
U32,U,6/6/2018,1,1,0.0009,0.5513,0.24236,56,15,F,11.474,4.972,30.632,335.425,312
U33,U,6/6/2018,1,1,0.00162,0.49288,0.1859,48,13,M,10.839,3.408,32.591,356.099,NA
U34,U,6/6/2018,1,1,0.00045,0.5203,0.21278,54,14,M,12.75,4.345,32.618,368.053,NA
U35,U,6/6/2018,1,1,0.00218,0.56297,0.2159,47,14,M,13.212,3.968,33.029,374.499,NA
U36,U,6/6/2018,1,1,0.00187,0.64036,0.28077,55,15,F,13.197,4.572,31.15,383.462,488
U37,U,6/6/2018,0,NA,0.00022,NA,NA,NA,NA,NA,NA,NA,NA,NA,NA
U38,U,6/6/2018,1,1,0.00122,0.61938,0.23919,55,17,F,14.536,4.35,NA,387.527,NA
U39,U,6/6/2018,1,1,0.00155,0.48833,0.1775,49,14,M,11.515,3.258,31.235,337.7,NA
U40,U,6/6/2018,1,1,0.00178,0.48836,0.20239,45,15,M,13.533,3.485,30.6,320.25,NA
