Indiv_ID,Fem_ID,D_Survi
Z01.01,Z01,1
Z01.02,Z01,1
Z01.03,Z01,1
Z01.04,Z01,1
Z01.05,Z01,1
Z01.06,Z01,1
Z01.07,Z01,1
Z01.08,Z01,1
Z01.09,Z01,1
Z01.10,Z01,1
Z01.11,Z01,1
Z01.12,Z01,1
Z01.13,Z01,1
Z01.14,Z01,1
Z01.15,Z01,1
Z01.16,Z01,1
Z01.17,Z01,1
Z01.18,Z01,1
Z01.19,Z01,1
Z01.20,Z01,1
Z01.21,Z01,1
Z01.22,Z01,1
Z01.23,Z01,1
Z01.24,Z01,1
Z01.25,Z01,1
Z01.26,Z01,1
Z01.27,Z01,1
Z01.28,Z01,1
Z01.29,Z01,1
Z01.30,Z01,1
Z01.31,Z01,1
Z01.32,Z01,1
Z01.33,Z01,1
Z01.34,Z01,1
Z01.35,Z01,1
Z01.36,Z01,1
Z01.37,Z01,1
Z01.38,Z01,1
Z01.39,Z01,1
Z01.40,Z01,1
Z01.41,Z01,1
Z01.42,Z01,1
Z01.43,Z01,1
Z01.44,Z01,1
Z01.45,Z01,1
Z01.46,Z01,1
Z01.47,Z01,1
Z01.48,Z01,1
Z01.49,Z01,1
Z01.50,Z01,1
Z01.51,Z01,1
Z01.52,Z01,1
Z01.53,Z01,1
Z01.54,Z01,1
Z01.55,Z01,1
Z01.56,Z01,1
Z01.57,Z01,1
Z01.58,Z01,1
Z01.59,Z01,1
Z01.60,Z01,1
Z01.61,Z01,1
Z01.62,Z01,1
Z01.63,Z01,1
Z01.64,Z01,1
Z01.65,Z01,1
Z01.66,Z01,1
Z01.67,Z01,1
Z01.68,Z01,1
Z01.69,Z01,1
Z01.70,Z01,1
Z01.71,Z01,1
Z01.72,Z01,1
Z01.73,Z01,1
Z01.74,Z01,1
Z01.75,Z01,1
Z01.76,Z01,1
Z01.77,Z01,1
Z01.78,Z01,1
Z01.79,Z01,1
Z01.80,Z01,1
Z01.81,Z01,1
Z01.82,Z01,1
Z01.83,Z01,1
Z01.84,Z01,1
Z01.85,Z01,1
Z01.86,Z01,1
Z01.87,Z01,1
Z01.88,Z01,1
Z01.89,Z01,1
Z01.90,Z01,1
Z01.91,Z01,1
Z01.92,Z01,1
Z01.93,Z01,1
Z01.94,Z01,1
Z01.95,Z01,1
Z01.96,Z01,1
Z01.97,Z01,1
Z01.98,Z01,1
Z01.99,Z01,1
Z01.100,Z01,1
Z01.101,Z01,1
Z01.102,Z01,1
Z01.103,Z01,1
Z01.104,Z01,1
Z01.105,Z01,1
Z01.106,Z01,1
Z01.107,Z01,1
Z01.108,Z01,1
Z01.109,Z01,1
Z01.110,Z01,1
Z01.111,Z01,1
Z01.112,Z01,1
Z01.113,Z01,0
Z01.114,Z01,0
Z01.115,Z01,0
Z01.116,Z01,0
Z01.117,Z01,0
Z01.118,Z01,0
Z01.119,Z01,0
Z01.120,Z01,0
Z01.121,Z01,0
Z01.122,Z01,0
Z01.123,Z01,0
Z01.124,Z01,0
Z01.125,Z01,0
Z01.126,Z01,0
Z01.127,Z01,0
Z01.128,Z01,0
Z01.129,Z01,0
Z01.130,Z01,0
Z01.131,Z01,0
Z01.132,Z01,0
Z01.133,Z01,0
Z01.134,Z01,0
Z01.135,Z01,0
Z01.136,Z01,0
Z01.137,Z01,0
Z01.138,Z01,0
Z01.139,Z01,0
Z01.140,Z01,0
Z01.141,Z01,0
Z01.142,Z01,0
Z01.143,Z01,0
Z01.144,Z01,0
Z01.145,Z01,0
Z01.146,Z01,0
Z01.147,Z01,0
Z01.148,Z01,0
Z01.149,Z01,0
Z01.150,Z01,0
Z01.151,Z01,0
Z01.152,Z01,0
Z01.153,Z01,0
Z01.154,Z01,0
Z01.155,Z01,0
Z01.156,Z01,0
Z01.157,Z01,0
Z01.158,Z01,0
Z01.159,Z01,0
Z01.160,Z01,0
Z01.161,Z01,0
Z01.162,Z01,0
Z01.163,Z01,0
Z01.164,Z01,0
Z01.165,Z01,0
Z01.166,Z01,0
Z01.167,Z01,0
Z01.168,Z01,0
Z01.169,Z01,0
Z01.170,Z01,0
Z01.171,Z01,0
Z01.172,Z01,0
Z01.173,Z01,0
Z01.174,Z01,0
Z01.175,Z01,0
Z03.01,Z03,1
Z03.02,Z03,1
Z03.03,Z03,1
Z03.04,Z03,1
Z03.05,Z03,1
Z03.06,Z03,1
Z03.07,Z03,1
Z03.08,Z03,1
Z03.09,Z03,1
Z03.10,Z03,1
Z03.11,Z03,1
Z03.12,Z03,1
Z03.13,Z03,1
Z03.14,Z03,1
Z03.15,Z03,1
Z03.16,Z03,1
Z03.17,Z03,1
Z03.18,Z03,1
Z03.19,Z03,1
Z03.20,Z03,1
Z03.21,Z03,1
Z03.22,Z03,1
Z03.23,Z03,1
Z03.24,Z03,1
Z03.25,Z03,1
Z03.26,Z03,1
Z03.27,Z03,1
Z03.28,Z03,1
Z03.29,Z03,1
Z03.30,Z03,1
Z03.31,Z03,1
Z03.32,Z03,1
Z03.33,Z03,1
Z03.34,Z03,1
Z03.35,Z03,1
Z03.36,Z03,1
Z03.37,Z03,1
Z03.38,Z03,1
Z03.39,Z03,1
Z03.40,Z03,1
Z03.41,Z03,0
Z03.42,Z03,0
Z03.43,Z03,0
Z03.44,Z03,0
Z03.45,Z03,0
Z03.46,Z03,0
Z03.47,Z03,0
Z03.48,Z03,0
Z03.49,Z03,0
Z03.50,Z03,0
Z03.51,Z03,0
Z03.52,Z03,0
Z03.53,Z03,0
Z03.54,Z03,0
Z03.55,Z03,0
Z03.56,Z03,0
Z03.57,Z03,0
Z03.58,Z03,0
Z03.59,Z03,0
Z03.60,Z03,0
Z03.61,Z03,0
Z03.62,Z03,0
Z03.63,Z03,0
Z03.64,Z03,0
Z03.65,Z03,0
Z03.66,Z03,0
Z03.67,Z03,0
Z03.68,Z03,0
Z03.69,Z03,0
Z03.70,Z03,0
Z03.71,Z03,0
Z03.72,Z03,0
Z03.73,Z03,0
Z03.74,Z03,0
Z03.75,Z03,0
Z03.76,Z03,0
Z03.77,Z03,0
Z03.78,Z03,0
Z03.79,Z03,0
Z03.80,Z03,0
Z03.81,Z03,0
Z03.82,Z03,0
Z03.83,Z03,0
Z03.84,Z03,0
Z03.85,Z03,0
Z03.86,Z03,0
Z03.87,Z03,0
Z03.88,Z03,0
Z03.89,Z03,0
Z03.90,Z03,0
Z03.91,Z03,0
Z03.92,Z03,0
Z03.93,Z03,0
Z03.94,Z03,0
Z03.95,Z03,0
Z03.96,Z03,0
Z03.97,Z03,0
Z04.01,Z04,1
Z04.02,Z04,1
Z04.03,Z04,1
Z04.04,Z04,1
Z04.05,Z04,1
Z04.06,Z04,1
Z04.07,Z04,1
Z04.08,Z04,1
Z04.09,Z04,0
Z04.10,Z04,0
Z04.11,Z04,0
Z04.12,Z04,0
Z04.13,Z04,0
Z04.14,Z04,0
Z04.15,Z04,0
Z04.16,Z04,0
Z04.17,Z04,0
Z04.18,Z04,0
Z04.19,Z04,0
Z04.20,Z04,0
Z04.21,Z04,0
Z04.22,Z04,0
Z04.23,Z04,0
Z04.24,Z04,0
Z04.25,Z04,0
Z04.26,Z04,0
Z04.27,Z04,0
Z04.28,Z04,0
Z04.29,Z04,0
Z04.30,Z04,0
Z04.31,Z04,0
Z04.32,Z04,0
Z04.33,Z04,0
Z04.34,Z04,0
Z04.35,Z04,0
Z04.36,Z04,0
Z04.37,Z04,0
Z04.38,Z04,0
Z04.39,Z04,0
Z04.40,Z04,0
Z04.41,Z04,0
Z04.42,Z04,0
Z04.43,Z04,0
Z04.44,Z04,0
Z04.45,Z04,0
Z04.46,Z04,0
Z04.47,Z04,0
Z04.48,Z04,0
Z04.49,Z04,0
Z04.50,Z04,0
Z04.51,Z04,0
Z04.52,Z04,0
Z04.53,Z04,0
Z04.54,Z04,0
Z04.55,Z04,0
Z04.56,Z04,0
Z04.57,Z04,0
Z04.58,Z04,0
Z04.59,Z04,0
Z04.60,Z04,0
Z04.61,Z04,0
Z04.62,Z04,0
Z04.63,Z04,0
Z04.64,Z04,0
Z04.65,Z04,0
Z04.66,Z04,0
Z04.67,Z04,0
Z04.68,Z04,0
Z04.69,Z04,0
Z04.70,Z04,0
Z04.71,Z04,0
Z04.72,Z04,0
Z04.73,Z04,0
Z04.74,Z04,0
Z04.75,Z04,0
Z04.76,Z04,0
Z04.77,Z04,0
Z04.78,Z04,0
Z04.79,Z04,0
Z04.80,Z04,0
Z04.81,Z04,0
Z04.82,Z04,0
Z04.83,Z04,0
Z04.84,Z04,0
Z04.85,Z04,0
Z04.86,Z04,0
Z04.87,Z04,0
Z04.88,Z04,0
Z04.89,Z04,0
Z04.90,Z04,0
Z04.91,Z04,0
Z04.92,Z04,0
Z04.93,Z04,0
Z04.94,Z04,0
Z04.95,Z04,0
Z04.96,Z04,0
Z04.97,Z04,0
Z04.98,Z04,0
Z04.99,Z04,0
Z04.100,Z04,0
Z04.101,Z04,0
Z04.102,Z04,0
Z04.103,Z04,0
Z04.104,Z04,0
Z04.105,Z04,0
Z04.106,Z04,0
Z04.107,Z04,0
Z04.108,Z04,0
Z04.109,Z04,0
Z04.110,Z04,0
Z04.111,Z04,0
Z04.112,Z04,0
Z04.113,Z04,0
Z04.114,Z04,0
Z04.115,Z04,0
Z04.116,Z04,0
Z04.117,Z04,0
Z04.118,Z04,0
Z04.119,Z04,0
Z05.01,Z05,1
Z05.02,Z05,1
Z05.03,Z05,1
Z05.04,Z05,1
Z05.05,Z05,1
Z05.06,Z05,1
Z05.07,Z05,1
Z05.08,Z05,1
Z05.09,Z05,1
Z05.10,Z05,1
Z05.11,Z05,1
Z05.12,Z05,1
Z05.13,Z05,1
Z05.14,Z05,1
Z05.15,Z05,1
Z05.16,Z05,1
Z05.17,Z05,1
Z05.18,Z05,1
Z05.19,Z05,1
Z05.20,Z05,1
Z05.21,Z05,0
Z05.22,Z05,0
Z05.23,Z05,0
Z05.24,Z05,0
Z05.25,Z05,0
Z05.26,Z05,0
Z05.27,Z05,0
Z05.28,Z05,0
Z05.29,Z05,0
Z05.30,Z05,0
Z05.31,Z05,0
Z05.32,Z05,0
Z05.33,Z05,0
Z05.34,Z05,0
Z05.35,Z05,0
Z05.36,Z05,0
Z05.37,Z05,0
Z05.38,Z05,0
Z05.39,Z05,0
Z05.40,Z05,0
Z05.41,Z05,0
Z05.42,Z05,0
Z05.43,Z05,0
Z05.44,Z05,0
Z05.45,Z05,0
Z05.46,Z05,0
Z05.47,Z05,0
Z05.48,Z05,0
Z05.49,Z05,0
Z05.50,Z05,0
Z05.51,Z05,0
Z05.52,Z05,0
Z05.53,Z05,0
Z05.54,Z05,0
Z05.55,Z05,0
Z05.56,Z05,0
Z05.57,Z05,0
Z05.58,Z05,0
Z05.59,Z05,0
Z05.60,Z05,0
Z05.61,Z05,0
Z05.62,Z05,0
Z05.63,Z05,0
Z05.64,Z05,0
Z08.01,Z08,1
Z08.02,Z08,1
Z08.03,Z08,1
Z08.04,Z08,1
Z08.05,Z08,1
Z08.06,Z08,1
Z08.07,Z08,1
Z08.08,Z08,1
Z08.09,Z08,1
Z08.10,Z08,1
Z08.11,Z08,1
Z08.12,Z08,1
Z08.13,Z08,1
Z08.14,Z08,1
Z08.15,Z08,1
Z08.16,Z08,1
Z08.17,Z08,1
Z08.18,Z08,1
Z08.19,Z08,1
Z08.20,Z08,1
Z08.21,Z08,1
Z08.22,Z08,1
Z08.23,Z08,1
Z08.24,Z08,1
Z08.25,Z08,1
Z08.26,Z08,1
Z08.27,Z08,1
Z08.28,Z08,1
Z08.29,Z08,1
Z08.30,Z08,1
Z08.31,Z08,1
Z08.32,Z08,1
Z08.33,Z08,1
Z08.34,Z08,1
Z08.35,Z08,1
Z08.36,Z08,1
Z08.37,Z08,1
Z08.38,Z08,1
Z08.39,Z08,1
Z08.40,Z08,1
Z08.41,Z08,1
Z08.42,Z08,1
Z08.43,Z08,1
Z08.44,Z08,1
Z08.45,Z08,1
Z08.46,Z08,1
Z08.47,Z08,1
Z08.48,Z08,1
Z08.49,Z08,1
Z08.50,Z08,1
Z08.51,Z08,1
Z08.52,Z08,1
Z08.53,Z08,1
Z08.54,Z08,1
Z08.55,Z08,1
Z08.56,Z08,1
Z08.57,Z08,1
Z08.58,Z08,1
Z08.59,Z08,1
Z08.60,Z08,1
Z08.61,Z08,1
Z08.62,Z08,1
Z08.63,Z08,1
Z08.64,Z08,1
Z08.65,Z08,1
Z08.66,Z08,1
Z08.67,Z08,1
Z08.68,Z08,1
Z08.69,Z08,1
Z08.70,Z08,1
Z08.71,Z08,1
Z08.72,Z08,1
Z08.73,Z08,1
Z08.74,Z08,1
Z08.75,Z08,1
Z08.76,Z08,1
Z08.77,Z08,1
Z08.78,Z08,1
Z08.79,Z08,1
Z08.80,Z08,1
Z08.81,Z08,1
Z08.82,Z08,1
Z08.83,Z08,1
Z08.84,Z08,1
Z08.85,Z08,1
Z08.86,Z08,1
Z08.87,Z08,1
Z08.88,Z08,1
Z08.89,Z08,1
Z08.90,Z08,1
Z08.91,Z08,1
Z08.92,Z08,1
Z08.93,Z08,1
Z08.94,Z08,1
Z08.95,Z08,1
Z08.96,Z08,1
Z08.97,Z08,1
Z08.98,Z08,1
Z08.99,Z08,1
Z08.100,Z08,1
Z08.101,Z08,1
Z08.102,Z08,1
Z08.103,Z08,1
Z08.104,Z08,1
Z08.105,Z08,1
Z08.106,Z08,1
Z08.107,Z08,1
Z08.108,Z08,1
Z08.109,Z08,1
Z08.110,Z08,1
Z08.111,Z08,1
Z08.112,Z08,1
Z08.113,Z08,1
Z08.114,Z08,1
Z08.115,Z08,1
Z08.116,Z08,1
Z08.117,Z08,1
Z08.118,Z08,1
Z08.119,Z08,1
Z08.120,Z08,1
Z08.121,Z08,1
Z08.122,Z08,1
Z08.123,Z08,1
Z08.124,Z08,1
Z08.125,Z08,1
Z08.126,Z08,1
Z08.127,Z08,1
Z08.128,Z08,1
Z08.129,Z08,1
Z08.130,Z08,1
Z08.131,Z08,1
Z08.132,Z08,1
Z08.133,Z08,1
Z08.134,Z08,1
Z08.135,Z08,1
Z08.136,Z08,1
Z08.137,Z08,1
Z08.138,Z08,1
Z08.139,Z08,1
Z08.140,Z08,1
Z08.141,Z08,1
Z08.142,Z08,1
Z08.143,Z08,1
Z08.144,Z08,1
Z08.145,Z08,1
Z08.146,Z08,1
Z08.147,Z08,1
Z08.148,Z08,1
Z08.149,Z08,1
Z08.150,Z08,1
Z08.151,Z08,1
Z08.152,Z08,1
Z08.153,Z08,1
Z08.154,Z08,1
Z08.155,Z08,1
Z08.156,Z08,1
Z08.157,Z08,1
Z08.158,Z08,1
Z08.159,Z08,1
Z08.160,Z08,1
Z08.161,Z08,1
Z08.162,Z08,1
Z08.163,Z08,1
Z08.164,Z08,1
Z08.165,Z08,1
Z08.166,Z08,1
Z08.167,Z08,1
Z08.168,Z08,1
Z08.169,Z08,1
Z08.170,Z08,1
Z08.171,Z08,1
Z08.172,Z08,1
Z08.173,Z08,1
Z08.174,Z08,1
Z08.175,Z08,1
Z08.176,Z08,1
Z08.177,Z08,1
Z08.178,Z08,1
Z08.179,Z08,1
Z08.180,Z08,1
Z08.181,Z08,1
Z08.182,Z08,1
Z08.183,Z08,1
Z08.184,Z08,1
Z08.185,Z08,1
Z08.186,Z08,1
Z08.187,Z08,1
Z08.188,Z08,1
Z08.189,Z08,1
Z08.190,Z08,1
Z08.191,Z08,1
Z08.192,Z08,1
Z08.193,Z08,1
Z08.194,Z08,1
Z08.195,Z08,1
Z08.196,Z08,1
Z08.197,Z08,1
Z08.198,Z08,1
Z08.199,Z08,1
Z08.200,Z08,1
Z08.201,Z08,1
Z08.202,Z08,1
Z08.203,Z08,1
Z08.204,Z08,1
Z08.205,Z08,1
Z08.206,Z08,1
Z08.207,Z08,1
Z08.208,Z08,1
Z08.209,Z08,1
Z08.210,Z08,1
Z08.211,Z08,1
Z08.212,Z08,1
Z08.213,Z08,1
Z08.214,Z08,1
Z08.215,Z08,1
Z08.216,Z08,1
Z08.217,Z08,1
Z08.218,Z08,1
Z08.219,Z08,1
Z08.220,Z08,1
Z08.221,Z08,1
Z08.222,Z08,1
Z08.223,Z08,1
Z08.224,Z08,1
Z08.225,Z08,1
Z08.226,Z08,1
Z08.227,Z08,1
Z08.228,Z08,1
Z08.229,Z08,1
Z08.230,Z08,1
Z08.231,Z08,1
Z08.232,Z08,1
Z08.233,Z08,1
Z08.234,Z08,1
Z08.235,Z08,1
Z08.236,Z08,1
Z08.237,Z08,1
Z08.238,Z08,1
Z08.239,Z08,1
Z08.240,Z08,1
Z08.241,Z08,1
Z08.242,Z08,1
Z08.243,Z08,1
Z08.244,Z08,1
Z08.245,Z08,1
Z08.246,Z08,1
Z08.247,Z08,1
Z08.248,Z08,1
Z08.249,Z08,1
Z08.250,Z08,1
Z08.251,Z08,1
Z08.252,Z08,0
Z08.253,Z08,0
Z08.254,Z08,0
Z08.255,Z08,0
Z08.256,Z08,0
Z08.257,Z08,0
Z08.258,Z08,0
Z08.259,Z08,0
Z08.260,Z08,0
Z08.261,Z08,0
Z08.262,Z08,0
Z08.263,Z08,0
Z08.264,Z08,0
Z08.265,Z08,0
Z08.266,Z08,0
Z08.267,Z08,0
Z08.268,Z08,0
Z08.269,Z08,0
Z08.270,Z08,0
Z08.271,Z08,0
Z08.272,Z08,0
Z08.273,Z08,0
Z08.274,Z08,0
Z08.275,Z08,0
Z08.276,Z08,0
Z08.277,Z08,0
Z08.278,Z08,0
Z08.279,Z08,0
Z08.280,Z08,0
Z08.281,Z08,0
Z08.282,Z08,0
Z08.283,Z08,0
Z08.284,Z08,0
Z08.285,Z08,0
Z08.286,Z08,0
Z08.287,Z08,0
Z08.288,Z08,0
Z08.289,Z08,0
Z08.290,Z08,0
Z08.291,Z08,0
Z08.292,Z08,0
Z08.293,Z08,0
Z08.294,Z08,0
Z08.295,Z08,0
Z08.296,Z08,0
Z08.297,Z08,0
Z08.298,Z08,0
Z08.299,Z08,0
Z08.300,Z08,0
Z08.301,Z08,0
Z08.302,Z08,0
Z08.303,Z08,0
Z08.304,Z08,0
Z08.305,Z08,0
Z08.306,Z08,0
Z08.307,Z08,0
Z08.308,Z08,0
Z08.309,Z08,0
Z08.310,Z08,0
Z08.311,Z08,0
Z08.312,Z08,0
Z08.313,Z08,0
Z08.314,Z08,0
Z08.315,Z08,0
Z08.316,Z08,0
Z08.317,Z08,0
Z08.318,Z08,0
Z08.319,Z08,0
Z08.320,Z08,0
Z08.321,Z08,0
Z08.322,Z08,0
Z08.323,Z08,0
Z08.324,Z08,0
Z08.325,Z08,0
Z08.326,Z08,0
Z08.327,Z08,0
Z08.328,Z08,0
Z08.329,Z08,0
Z08.330,Z08,0
Z08.331,Z08,0
Z08.332,Z08,0
Z08.333,Z08,0
Z08.334,Z08,0
Z08.335,Z08,0
Z08.336,Z08,0
Z08.337,Z08,0
Z08.338,Z08,0
Z08.339,Z08,0
Z08.340,Z08,0
Z08.341,Z08,0
Z08.342,Z08,0
Z08.343,Z08,0
Z08.344,Z08,0
Z08.345,Z08,0
Z08.346,Z08,0
Z08.347,Z08,0
Z08.348,Z08,0
Z08.349,Z08,0
Z08.350,Z08,0
Z08.351,Z08,0
Z08.352,Z08,0
Z08.353,Z08,0
Z08.354,Z08,0
Z08.355,Z08,0
Z08.356,Z08,0
Z08.357,Z08,0
Z08.358,Z08,0
Z08.359,Z08,0
Z08.360,Z08,0
Z08.361,Z08,0
Z08.362,Z08,0
Z08.363,Z08,0
Z08.364,Z08,0
Z08.365,Z08,0
Z08.366,Z08,0
Z08.367,Z08,0
Z08.368,Z08,0
Z08.369,Z08,0
Z08.370,Z08,0
Z08.371,Z08,0
Z08.372,Z08,0
Z08.373,Z08,0
Z08.374,Z08,0
Z08.375,Z08,0
Z08.376,Z08,0
Z08.377,Z08,0
Z08.378,Z08,0
Z08.379,Z08,0
Z08.380,Z08,0
Z08.381,Z08,0
Z08.382,Z08,0
Z08.383,Z08,0
Z08.384,Z08,0
Z08.385,Z08,0
Z08.386,Z08,0
Z08.387,Z08,0
Z08.388,Z08,0
Z08.389,Z08,0
Z08.390,Z08,0
Z08.391,Z08,0
Z08.392,Z08,0
Z08.393,Z08,0
Z08.394,Z08,0
Z08.395,Z08,0
Z08.396,Z08,0
Z08.397,Z08,0
Z08.398,Z08,0
Z08.399,Z08,0
Z08.400,Z08,0
Z08.401,Z08,0
Z08.402,Z08,0
Z08.403,Z08,0
Z08.404,Z08,0
Z08.405,Z08,0
Z08.406,Z08,0
Z08.407,Z08,0
Z08.408,Z08,0
Z08.409,Z08,0
Z08.410,Z08,0
Z08.411,Z08,0
Z08.412,Z08,0
Z08.413,Z08,0
Z08.414,Z08,0
Z08.415,Z08,0
Z08.416,Z08,0
Z08.417,Z08,0
Z08.418,Z08,0
Z08.419,Z08,0
Z08.420,Z08,0
Z08.421,Z08,0
Z08.422,Z08,0
Z08.423,Z08,0
Z08.424,Z08,0
Z08.425,Z08,0
Z08.426,Z08,0
Z08.427,Z08,0
Z08.428,Z08,0
Z08.429,Z08,0
Z08.430,Z08,0
Z08.431,Z08,0
Z08.432,Z08,0
Z08.433,Z08,0
Z08.434,Z08,0
Z08.435,Z08,0
Z08.436,Z08,0
Z08.437,Z08,0
Z08.438,Z08,0
Z08.439,Z08,0
Z08.440,Z08,0
Z08.441,Z08,0
Z08.442,Z08,0
Z08.443,Z08,0
Z08.444,Z08,0
Z08.445,Z08,0
Z08.446,Z08,0
Z08.447,Z08,0
Z08.448,Z08,0
Z08.449,Z08,0
Z08.450,Z08,0
Z08.451,Z08,0
Z08.452,Z08,0
Z08.453,Z08,0
Z08.454,Z08,0
Z08.455,Z08,0
Z08.456,Z08,0
Z08.457,Z08,0
Z08.458,Z08,0
Z08.459,Z08,0
Z08.460,Z08,0
Z08.461,Z08,0
Z08.462,Z08,0
Z08.463,Z08,0
Z08.464,Z08,0
Z08.465,Z08,0
Z08.466,Z08,0
Z08.467,Z08,0
Z08.468,Z08,0
Z08.469,Z08,0
Z08.470,Z08,0
Z08.471,Z08,0
Z08.472,Z08,0
Z08.473,Z08,0
Z08.474,Z08,0
Z08.475,Z08,0
Z08.476,Z08,0
Z08.477,Z08,0
Z08.478,Z08,0
Z08.479,Z08,0
Z08.480,Z08,0
Z08.481,Z08,0
Z08.482,Z08,0
Z08.483,Z08,0
Z08.484,Z08,0
Z08.485,Z08,0
Z08.486,Z08,0
Z08.487,Z08,0
Z08.488,Z08,0
Z08.489,Z08,0
Z08.490,Z08,0
Z08.491,Z08,0
Z08.492,Z08,0
Z08.493,Z08,0
Z08.494,Z08,0
Z08.495,Z08,0
Z08.496,Z08,0
Z08.497,Z08,0
Z08.498,Z08,0
Z08.499,Z08,0
Z08.500,Z08,0
Z08.501,Z08,0
Z08.502,Z08,0
Z08.503,Z08,0
Z08.504,Z08,0
Z08.505,Z08,0
Z08.506,Z08,0
Z08.507,Z08,0
Z08.508,Z08,0
Z08.509,Z08,0
Z08.510,Z08,0
Z08.511,Z08,0
Z08.512,Z08,0
Z08.513,Z08,0
Z08.514,Z08,0
Z08.515,Z08,0
Z08.516,Z08,0
Z08.517,Z08,0
Z08.518,Z08,0
Z08.519,Z08,0
Z08.520,Z08,0
Z08.521,Z08,0
Z08.522,Z08,0
Z08.523,Z08,0
Z08.524,Z08,0
Z08.525,Z08,0
Z08.526,Z08,0
Z08.527,Z08,0
Z08.528,Z08,0
Z08.529,Z08,0
Z08.530,Z08,0
Z08.531,Z08,0
Z08.532,Z08,0
Z08.533,Z08,0
Z08.534,Z08,0
Z08.535,Z08,0
Z08.536,Z08,0
Z08.537,Z08,0
Z08.538,Z08,0
Z08.539,Z08,0
Z08.540,Z08,0
Z08.541,Z08,0
Z08.542,Z08,0
Z08.543,Z08,0
Z08.544,Z08,0
Z08.545,Z08,0
Z08.546,Z08,0
Z08.547,Z08,0
Z08.548,Z08,0
Z08.549,Z08,0
Z08.550,Z08,0
Z08.551,Z08,0
Z08.552,Z08,0
Z08.553,Z08,0
Z08.554,Z08,0
Z08.555,Z08,0
Z08.556,Z08,0
Z08.557,Z08,0
Z08.558,Z08,0
Z08.559,Z08,0
Z08.560,Z08,0
Z08.561,Z08,0
Z08.562,Z08,0
Z08.563,Z08,0
Z08.564,Z08,0
Z08.565,Z08,0
Z08.566,Z08,0
Z08.567,Z08,0
Z08.568,Z08,0
Z08.569,Z08,0
Z08.570,Z08,0
Z08.571,Z08,0
Z08.572,Z08,0
Z08.573,Z08,0
Z08.574,Z08,0
Z08.575,Z08,0
Z08.576,Z08,0
Z08.577,Z08,0
Z08.578,Z08,0
Z08.579,Z08,0
Z08.580,Z08,0
Z08.581,Z08,0
Z08.582,Z08,0
Z08.583,Z08,0
Z08.584,Z08,0
Z08.585,Z08,0
Z08.586,Z08,0
Z08.587,Z08,0
Z08.588,Z08,0
Z08.589,Z08,0
Z08.590,Z08,0
Z08.591,Z08,0
Z08.592,Z08,0
Z08.593,Z08,0
Z08.594,Z08,0
Z08.595,Z08,0
Z08.596,Z08,0
Z08.597,Z08,0
Z08.598,Z08,0
Z08.599,Z08,0
Z08.600,Z08,0
Z08.601,Z08,0
Z08.602,Z08,0
Z08.603,Z08,0
Z08.604,Z08,0
Z08.605,Z08,0
Z08.606,Z08,0
Z08.607,Z08,0
Z08.608,Z08,0
Z08.609,Z08,0
Z08.610,Z08,0
Z08.611,Z08,0
Z08.612,Z08,0
Z08.613,Z08,0
Z08.614,Z08,0
Z08.615,Z08,0
Z08.616,Z08,0
Z08.617,Z08,0
Z08.618,Z08,0
Z08.619,Z08,0
Z08.620,Z08,0
Z08.621,Z08,0
Z08.622,Z08,0
Z08.623,Z08,0
Z08.624,Z08,0
Z08.625,Z08,0
Z08.626,Z08,0
Z08.627,Z08,0
Z08.628,Z08,0
Z08.629,Z08,0
Z08.630,Z08,0
Z08.631,Z08,0
Z08.632,Z08,0
Z08.633,Z08,0
Z08.634,Z08,0
Z08.635,Z08,0
Z08.636,Z08,0
Z08.637,Z08,0
Z08.638,Z08,0
Z08.639,Z08,0
Z08.640,Z08,0
Z08.641,Z08,0
Z08.642,Z08,0
Z08.643,Z08,0
Z08.644,Z08,0
Z08.645,Z08,0
Z08.646,Z08,0
Z08.647,Z08,0
Z08.648,Z08,0
Z08.649,Z08,0
Z08.650,Z08,0
Z08.651,Z08,0
Z08.652,Z08,0
Z08.653,Z08,0
Z08.654,Z08,0
Z08.655,Z08,0
Z08.656,Z08,0
Z08.657,Z08,0
Z08.658,Z08,0
Z08.659,Z08,0
Z08.660,Z08,0
Z08.661,Z08,0
Z08.662,Z08,0
Z08.663,Z08,0
Z08.664,Z08,0
Z08.665,Z08,0
Z08.666,Z08,0
Z08.667,Z08,0
Z08.668,Z08,0
Z08.669,Z08,0
Z08.670,Z08,0
Z08.671,Z08,0
Z08.672,Z08,0
Z08.673,Z08,0
Z08.674,Z08,0
Z08.675,Z08,0
Z08.676,Z08,0
Z08.677,Z08,0
Z08.678,Z08,0
Z08.679,Z08,0
Z08.680,Z08,0
Z08.681,Z08,0
Z08.682,Z08,0
Z08.683,Z08,0
Z08.684,Z08,0
Z08.685,Z08,0
Z08.686,Z08,0
Z08.687,Z08,0
Z08.688,Z08,0
Z08.689,Z08,0
Z08.690,Z08,0
Z08.691,Z08,0
Z08.692,Z08,0
Z08.693,Z08,0
Z08.694,Z08,0
Z08.695,Z08,0
Z08.696,Z08,0
Z08.697,Z08,0
Z08.698,Z08,0
Z08.699,Z08,0
Z08.700,Z08,0
Z08.701,Z08,0
Z08.702,Z08,0
Z08.703,Z08,0
Z08.704,Z08,0
Z08.705,Z08,0
Z08.706,Z08,0
Z08.707,Z08,0
Z08.708,Z08,0
Z08.709,Z08,0
Z08.710,Z08,0
Z08.711,Z08,0
Z08.712,Z08,0
Z08.713,Z08,0
Z08.714,Z08,0
Z08.715,Z08,0
Z08.716,Z08,0
Z08.717,Z08,0
Z08.718,Z08,0
Z08.719,Z08,0
Z08.720,Z08,0
Z08.721,Z08,0
Z08.722,Z08,0
Z08.723,Z08,0
Z08.724,Z08,0
Z08.725,Z08,0
Z08.726,Z08,0
Z08.727,Z08,0
Z08.728,Z08,0
Z08.729,Z08,0
Z08.730,Z08,0
Z08.731,Z08,0
Z08.732,Z08,0
Z08.733,Z08,0
Z08.734,Z08,0
Z09.01,Z09,1
Z09.02,Z09,1
Z09.03,Z09,1
Z09.04,Z09,1
Z09.05,Z09,1
Z09.06,Z09,1
Z09.07,Z09,1
Z09.08,Z09,1
Z09.09,Z09,1
Z09.10,Z09,1
Z09.11,Z09,1
Z09.12,Z09,1
Z09.13,Z09,1
Z09.14,Z09,1
Z09.15,Z09,1
Z09.16,Z09,1
Z09.17,Z09,1
Z09.18,Z09,1
Z09.19,Z09,1
Z09.20,Z09,1
Z09.21,Z09,1
Z09.22,Z09,1
Z09.23,Z09,1
Z09.24,Z09,1
Z09.25,Z09,1
Z09.26,Z09,1
Z09.27,Z09,1
Z09.28,Z09,1
Z09.29,Z09,1
Z09.30,Z09,1
Z09.31,Z09,1
Z09.32,Z09,1
Z09.33,Z09,1
Z09.34,Z09,1
Z09.35,Z09,1
Z09.36,Z09,1
Z09.37,Z09,1
Z09.38,Z09,1
Z09.39,Z09,1
Z09.40,Z09,1
Z09.41,Z09,1
Z09.42,Z09,1
Z09.43,Z09,1
Z09.44,Z09,1
Z09.45,Z09,1
Z09.46,Z09,1
Z09.47,Z09,1
Z09.48,Z09,1
Z09.49,Z09,1
Z09.50,Z09,1
Z09.51,Z09,1
Z09.52,Z09,1
Z09.53,Z09,1
Z09.54,Z09,1
Z09.55,Z09,1
Z09.56,Z09,1
Z09.57,Z09,1
Z09.58,Z09,1
Z09.59,Z09,1
Z09.60,Z09,1
Z09.61,Z09,1
Z09.62,Z09,1
Z09.63,Z09,1
Z09.64,Z09,1
Z09.65,Z09,1
Z09.66,Z09,1
Z09.67,Z09,1
Z09.68,Z09,1
Z09.69,Z09,1
Z09.70,Z09,1
Z09.71,Z09,1
Z09.72,Z09,1
Z09.73,Z09,1
Z09.74,Z09,1
Z09.75,Z09,1
Z09.76,Z09,1
Z09.77,Z09,1
Z09.78,Z09,1
Z09.79,Z09,1
Z09.80,Z09,1
Z09.81,Z09,1
Z09.82,Z09,1
Z09.83,Z09,1
Z09.84,Z09,1
Z09.85,Z09,1
Z09.86,Z09,1
Z09.87,Z09,1
Z09.88,Z09,1
Z09.89,Z09,1
Z09.90,Z09,1
Z09.91,Z09,1
Z09.92,Z09,1
Z09.93,Z09,1
Z09.94,Z09,1
Z09.95,Z09,1
Z09.96,Z09,1
Z09.97,Z09,1
Z09.98,Z09,1
Z09.99,Z09,1
Z09.100,Z09,1
Z09.101,Z09,1
Z09.102,Z09,1
Z09.103,Z09,1
Z09.104,Z09,1
Z09.105,Z09,1
Z09.106,Z09,1
Z09.107,Z09,1
Z09.108,Z09,1
Z09.109,Z09,1
Z09.110,Z09,1
Z09.111,Z09,1
Z09.112,Z09,1
Z09.113,Z09,1
Z09.114,Z09,1
Z09.115,Z09,1
Z09.116,Z09,1
Z09.117,Z09,1
Z09.118,Z09,1
Z09.119,Z09,1
Z09.120,Z09,1
Z09.121,Z09,1
Z09.122,Z09,1
Z09.123,Z09,1
Z09.124,Z09,1
Z09.125,Z09,1
Z09.126,Z09,1
Z09.127,Z09,1
Z09.128,Z09,1
Z09.129,Z09,1
Z09.130,Z09,1
Z09.131,Z09,1
Z09.132,Z09,1
Z09.133,Z09,1
Z09.134,Z09,1
Z09.135,Z09,1
Z09.136,Z09,1
Z09.137,Z09,1
Z09.138,Z09,1
Z09.139,Z09,1
Z09.140,Z09,1
Z09.141,Z09,1
Z09.142,Z09,1
Z09.143,Z09,1
Z09.144,Z09,1
Z09.145,Z09,1
Z09.146,Z09,1
Z09.147,Z09,1
Z09.148,Z09,1
Z09.149,Z09,1
Z09.150,Z09,1
Z09.151,Z09,1
Z09.152,Z09,1
Z09.153,Z09,1
Z09.154,Z09,1
Z09.155,Z09,1
Z09.156,Z09,1
Z09.157,Z09,1
Z09.158,Z09,1
Z09.159,Z09,1
Z09.160,Z09,1
Z09.161,Z09,1
Z09.162,Z09,1
Z09.163,Z09,1
Z09.164,Z09,1
Z09.165,Z09,1
Z09.166,Z09,1
Z09.167,Z09,1
Z09.168,Z09,1
Z09.169,Z09,1
Z09.170,Z09,1
Z09.171,Z09,1
Z09.172,Z09,1
Z09.173,Z09,1
Z09.174,Z09,1
Z09.175,Z09,1
Z09.176,Z09,1
Z09.177,Z09,1
Z09.178,Z09,1
Z09.179,Z09,1
Z09.180,Z09,1
Z09.181,Z09,1
Z09.182,Z09,1
Z09.183,Z09,1
Z09.184,Z09,1
Z09.185,Z09,1
Z09.186,Z09,1
Z09.187,Z09,1
Z09.188,Z09,1
Z09.189,Z09,1
Z09.190,Z09,1
Z09.191,Z09,1
Z09.192,Z09,1
Z09.193,Z09,1
Z09.194,Z09,1
Z09.195,Z09,1
Z09.196,Z09,1
Z09.197,Z09,1
Z09.198,Z09,1
Z09.199,Z09,1
Z09.200,Z09,1
Z09.201,Z09,1
Z09.202,Z09,1
Z09.203,Z09,1
Z09.204,Z09,1
Z09.205,Z09,1
Z09.206,Z09,1
Z09.207,Z09,1
Z09.208,Z09,1
Z09.209,Z09,1
Z09.210,Z09,1
Z09.211,Z09,1
Z09.212,Z09,1
Z09.213,Z09,1
Z09.214,Z09,1
Z09.215,Z09,1
Z09.216,Z09,1
Z09.217,Z09,1
Z09.218,Z09,1
Z09.219,Z09,1
Z09.220,Z09,1
Z09.221,Z09,1
Z09.222,Z09,1
Z09.223,Z09,1
Z09.224,Z09,1
Z09.225,Z09,1
Z09.226,Z09,1
Z09.227,Z09,1
Z09.228,Z09,1
Z09.229,Z09,1
Z09.230,Z09,0
Z09.231,Z09,0
Z09.232,Z09,0
Z09.233,Z09,0
Z09.234,Z09,0
Z09.235,Z09,0
Z09.236,Z09,0
Z09.237,Z09,0
Z09.238,Z09,0
Z09.239,Z09,0
Z09.240,Z09,0
Z09.241,Z09,0
Z09.242,Z09,0
Z09.243,Z09,0
Z09.244,Z09,0
Z09.245,Z09,0
Z09.246,Z09,0
Z09.247,Z09,0
Z09.248,Z09,0
Z09.249,Z09,0
Z09.250,Z09,0
Z09.251,Z09,0
Z09.252,Z09,0
Z09.253,Z09,0
Z09.254,Z09,0
Z09.255,Z09,0
Z09.256,Z09,0
Z09.257,Z09,0
Z09.258,Z09,0
Z09.259,Z09,0
Z09.260,Z09,0
Z09.261,Z09,0
Z09.262,Z09,0
Z09.263,Z09,0
Z09.264,Z09,0
Z09.265,Z09,0
Z09.266,Z09,0
Z09.267,Z09,0
Z09.268,Z09,0
Z09.269,Z09,0
Z09.270,Z09,0
Z09.271,Z09,0
Z09.272,Z09,0
Z09.273,Z09,0
Z09.274,Z09,0
Z09.275,Z09,0
Z09.276,Z09,0
Z09.277,Z09,0
Z09.278,Z09,0
Z09.279,Z09,0
Z09.280,Z09,0
Z09.281,Z09,0
Z09.282,Z09,0
Z09.283,Z09,0
Z09.284,Z09,0
Z09.285,Z09,0
Z09.286,Z09,0
Z09.287,Z09,0
Z09.288,Z09,0
Z09.289,Z09,0
Z09.290,Z09,0
Z09.291,Z09,0
Z09.292,Z09,0
Z09.293,Z09,0
Z09.294,Z09,0
Z09.295,Z09,0
Z09.296,Z09,0
Z09.297,Z09,0
Z09.298,Z09,0
Z09.299,Z09,0
Z09.300,Z09,0
Z09.301,Z09,0
Z09.302,Z09,0
Z09.303,Z09,0
Z09.304,Z09,0
Z09.305,Z09,0
Z09.306,Z09,0
Z09.307,Z09,0
Z09.308,Z09,0
Z09.309,Z09,0
Z09.310,Z09,0
Z09.311,Z09,0
Z09.312,Z09,0
Z09.313,Z09,0
Z09.314,Z09,0
Z09.315,Z09,0
Z09.316,Z09,0
Z09.317,Z09,0
Z09.318,Z09,0
Z09.319,Z09,0
Z09.320,Z09,0
Z09.321,Z09,0
Z09.322,Z09,0
Z09.323,Z09,0
Z09.324,Z09,0
Z09.325,Z09,0
Z09.326,Z09,0
Z09.327,Z09,0
Z09.328,Z09,0
Z09.329,Z09,0
Z09.330,Z09,0
Z09.331,Z09,0
Z09.332,Z09,0
Z09.333,Z09,0
Z09.334,Z09,0
Z09.335,Z09,0
Z09.336,Z09,0
Z09.337,Z09,0
Z09.338,Z09,0
Z09.339,Z09,0
Z09.340,Z09,0
Z09.341,Z09,0
Z09.342,Z09,0
Z09.343,Z09,0
Z09.344,Z09,0
Z09.345,Z09,0
Z09.346,Z09,0
Z09.347,Z09,0
Z09.348,Z09,0
Z09.349,Z09,0
Z09.350,Z09,0
Z09.351,Z09,0
Z09.352,Z09,0
Z09.353,Z09,0
Z09.354,Z09,0
Z09.355,Z09,0
Z09.356,Z09,0
Z09.357,Z09,0
Z09.358,Z09,0
Z09.359,Z09,0
Z09.360,Z09,0
Z09.361,Z09,0
Z09.362,Z09,0
Z09.363,Z09,0
Z09.364,Z09,0
Z09.365,Z09,0
Z09.366,Z09,0
Z09.367,Z09,0
Z09.368,Z09,0
Z09.369,Z09,0
Z09.370,Z09,0
Z09.371,Z09,0
Z09.372,Z09,0
Z09.373,Z09,0
Z09.374,Z09,0
Z09.375,Z09,0
Z09.376,Z09,0
Z09.377,Z09,0
Z09.378,Z09,0
Z09.379,Z09,0
Z09.380,Z09,0
Z09.381,Z09,0
Z09.382,Z09,0
Z09.383,Z09,0
Z09.384,Z09,0
Z09.385,Z09,0
Z09.386,Z09,0
Z09.387,Z09,0
Z09.388,Z09,0
Z09.389,Z09,0
Z09.390,Z09,0
Z09.391,Z09,0
Z09.392,Z09,0
Z09.393,Z09,0
Z09.394,Z09,0
Z09.395,Z09,0
Z09.396,Z09,0
Z09.397,Z09,0
Z09.398,Z09,0
Z09.399,Z09,0
Z09.400,Z09,0
Z09.401,Z09,0
Z09.402,Z09,0
Z09.403,Z09,0
Z09.404,Z09,0
Z09.405,Z09,0
Z09.406,Z09,0
Z09.407,Z09,0
Z09.408,Z09,0
Z09.409,Z09,0
Z09.410,Z09,0
Z09.411,Z09,0
Z09.412,Z09,0
Z09.413,Z09,0
Z09.414,Z09,0
Z09.415,Z09,0
Z09.416,Z09,0
Z09.417,Z09,0
Z09.418,Z09,0
Z09.419,Z09,0
Z09.420,Z09,0
Z09.421,Z09,0
Z09.422,Z09,0
Z09.423,Z09,0
Z09.424,Z09,0
Z09.425,Z09,0
Z09.426,Z09,0
Z09.427,Z09,0
Z09.428,Z09,0
Z09.429,Z09,0
Z09.430,Z09,0
Z09.431,Z09,0
Z09.432,Z09,0
Z09.433,Z09,0
Z09.434,Z09,0
Z09.435,Z09,0
Z09.436,Z09,0
Z09.437,Z09,0
Z09.438,Z09,0
Z09.439,Z09,0
Z09.440,Z09,0
Z09.441,Z09,0
Z09.442,Z09,0
Z09.443,Z09,0
Z09.444,Z09,0
Z09.445,Z09,0
Z09.446,Z09,0
Z09.447,Z09,0
Z09.448,Z09,0
Z09.449,Z09,0
Z09.450,Z09,0
Z09.451,Z09,0
Z09.452,Z09,0
Z09.453,Z09,0
Z09.454,Z09,0
Z09.455,Z09,0
Z09.456,Z09,0
Z09.457,Z09,0
Z09.458,Z09,0
Z09.459,Z09,0
Z09.460,Z09,0
Z09.461,Z09,0
Z09.462,Z09,0
Z09.463,Z09,0
Z09.464,Z09,0
Z09.465,Z09,0
Z09.466,Z09,0
Z09.467,Z09,0
Z09.468,Z09,0
Z09.469,Z09,0
Z09.470,Z09,0
Z09.471,Z09,0
Z09.472,Z09,0
Z09.473,Z09,0
Z09.474,Z09,0
Z09.475,Z09,0
Z09.476,Z09,0
Z09.477,Z09,0
Z09.478,Z09,0
Z09.479,Z09,0
Z09.480,Z09,0
Z09.481,Z09,0
Z09.482,Z09,0
Z09.483,Z09,0
Z09.484,Z09,0
Z09.485,Z09,0
Z09.486,Z09,0
Z09.487,Z09,0
Z09.488,Z09,0
Z09.489,Z09,0
Z09.490,Z09,0
Z09.491,Z09,0
Z09.492,Z09,0
Z09.493,Z09,0
Z09.494,Z09,0
Z09.495,Z09,0
Z09.496,Z09,0
Z09.497,Z09,0
Z09.498,Z09,0
Z09.499,Z09,0
Z09.500,Z09,0
Z09.501,Z09,0
Z09.502,Z09,0
Z09.503,Z09,0
Z09.504,Z09,0
Z09.505,Z09,0
Z09.506,Z09,0
Z09.507,Z09,0
Z09.508,Z09,0
Z09.509,Z09,0
Z09.510,Z09,0
Z09.511,Z09,0
Z09.512,Z09,0
Z09.513,Z09,0
Z09.514,Z09,0
Z09.515,Z09,0
Z09.516,Z09,0
Z09.517,Z09,0
Z09.518,Z09,0
Z09.519,Z09,0
Z09.520,Z09,0
Z09.521,Z09,0
Z09.522,Z09,0
Z09.523,Z09,0
Z09.524,Z09,0
Z09.525,Z09,0
Z09.526,Z09,0
Z09.527,Z09,0
Z09.528,Z09,0
Z09.529,Z09,0
Z09.530,Z09,0
Z09.531,Z09,0
Z09.532,Z09,0
Z09.533,Z09,0
Z09.534,Z09,0
Z09.535,Z09,0
Z09.536,Z09,0
Z09.537,Z09,0
Z09.538,Z09,0
Z09.539,Z09,0
Z09.540,Z09,0
Z09.541,Z09,0
Z09.542,Z09,0
Z09.543,Z09,0
Z09.544,Z09,0
Z09.545,Z09,0
Z09.546,Z09,0
Z09.547,Z09,0
Z09.548,Z09,0
Z09.549,Z09,0
Z09.550,Z09,0
Z09.551,Z09,0
Z09.552,Z09,0
Z09.553,Z09,0
Z09.554,Z09,0
Z09.555,Z09,0
Z09.556,Z09,0
Z09.557,Z09,0
Z09.558,Z09,0
Z09.559,Z09,0
Z09.560,Z09,0
Z09.561,Z09,0
Z09.562,Z09,0
Z09.563,Z09,0
Z09.564,Z09,0
Z09.565,Z09,0
Z09.566,Z09,0
Z09.567,Z09,0
Z09.568,Z09,0
Z09.569,Z09,0
Z09.570,Z09,0
Z09.571,Z09,0
Z09.572,Z09,0
Z09.573,Z09,0
Z09.574,Z09,0
Z09.575,Z09,0
Z09.576,Z09,0
Z09.577,Z09,0
Z09.578,Z09,0
Z09.579,Z09,0
Z09.580,Z09,0
Z09.581,Z09,0
Z09.582,Z09,0
Z09.583,Z09,0
Z09.584,Z09,0
Z09.585,Z09,0
Z09.586,Z09,0
Z09.587,Z09,0
Z09.588,Z09,0
Z09.589,Z09,0
Z09.590,Z09,0
Z09.591,Z09,0
Z09.592,Z09,0
Z09.593,Z09,0
Z09.594,Z09,0
Z09.595,Z09,0
Z09.596,Z09,0
Z09.597,Z09,0
Z09.598,Z09,0
Z09.599,Z09,0
Z09.600,Z09,0
Z09.601,Z09,0
Z09.602,Z09,0
Z09.603,Z09,0
Z09.604,Z09,0
Z09.605,Z09,0
Z09.606,Z09,0
Z09.607,Z09,0
Z09.608,Z09,0
Z09.609,Z09,0
Z09.610,Z09,0
Z09.611,Z09,0
Z09.612,Z09,0
Z09.613,Z09,0
Z09.614,Z09,0
Z09.615,Z09,0
Z09.616,Z09,0
Z09.617,Z09,0
Z09.618,Z09,0
Z09.619,Z09,0
Z09.620,Z09,0
Z09.621,Z09,0
Z09.622,Z09,0
Z09.623,Z09,0
Z09.624,Z09,0
Z09.625,Z09,0
Z09.626,Z09,0
Z09.627,Z09,0
Z09.628,Z09,0
Z09.629,Z09,0
Z09.630,Z09,0
Z09.631,Z09,0
Z09.632,Z09,0
Z09.633,Z09,0
Z09.634,Z09,0
Z09.635,Z09,0
Z09.636,Z09,0
Z09.637,Z09,0
Z09.638,Z09,0
Z09.639,Z09,0
Z09.640,Z09,0
Z09.641,Z09,0
Z09.642,Z09,0
Z09.643,Z09,0
Z09.644,Z09,0
Z09.645,Z09,0
Z09.646,Z09,0
Z09.647,Z09,0
Z09.648,Z09,0
Z09.649,Z09,0
Z09.650,Z09,0
Z09.651,Z09,0
Z09.652,Z09,0
Z09.653,Z09,0
Z09.654,Z09,0
Z09.655,Z09,0
Z09.656,Z09,0
Z09.657,Z09,0
Z09.658,Z09,0
Z09.659,Z09,0
Z09.660,Z09,0
Z09.661,Z09,0
Z09.662,Z09,0
Z09.663,Z09,0
Z09.664,Z09,0
Z09.665,Z09,0
Z09.666,Z09,0
Z09.667,Z09,0
Z09.668,Z09,0
Z09.669,Z09,0
Z09.670,Z09,0
Z09.671,Z09,0
Z09.672,Z09,0
Z09.673,Z09,0
Z09.674,Z09,0
Z09.675,Z09,0
Z09.676,Z09,0
Z09.677,Z09,0
Z09.678,Z09,0
Z09.679,Z09,0
Z09.680,Z09,0
Z10.01,Z10,1
Z10.02,Z10,1
Z10.03,Z10,1
Z10.04,Z10,1
Z10.05,Z10,1
Z10.06,Z10,1
Z10.07,Z10,1
Z10.08,Z10,1
Z10.09,Z10,1
Z10.10,Z10,1
Z10.11,Z10,1
Z10.12,Z10,1
Z10.13,Z10,1
Z10.14,Z10,1
Z10.15,Z10,1
Z10.16,Z10,1
Z10.17,Z10,1
Z10.18,Z10,1
Z10.19,Z10,1
Z10.20,Z10,1
Z10.21,Z10,1
Z10.22,Z10,1
Z10.23,Z10,1
Z10.24,Z10,1
Z10.25,Z10,1
Z10.26,Z10,1
Z10.27,Z10,1
Z10.28,Z10,1
Z10.29,Z10,1
Z10.30,Z10,1
Z10.31,Z10,1
Z10.32,Z10,1
Z10.33,Z10,1
Z10.34,Z10,1
Z10.35,Z10,1
Z10.36,Z10,1
Z10.37,Z10,1
Z10.38,Z10,1
Z10.39,Z10,1
Z10.40,Z10,1
Z10.41,Z10,1
Z10.42,Z10,1
Z10.43,Z10,1
Z10.44,Z10,1
Z10.45,Z10,1
Z10.46,Z10,1
Z10.47,Z10,1
Z10.48,Z10,1
Z10.49,Z10,1
Z10.50,Z10,1
Z10.51,Z10,1
Z10.52,Z10,1
Z10.53,Z10,1
Z10.54,Z10,1
Z10.55,Z10,1
Z10.56,Z10,1
Z10.57,Z10,1
Z10.58,Z10,1
Z10.59,Z10,1
Z10.60,Z10,1
Z10.61,Z10,1
Z10.62,Z10,1
Z10.63,Z10,1
Z10.64,Z10,1
Z10.65,Z10,1
Z10.66,Z10,1
Z10.67,Z10,1
Z10.68,Z10,1
Z10.69,Z10,1
Z10.70,Z10,1
Z10.71,Z10,1
Z10.72,Z10,1
Z10.73,Z10,1
Z10.74,Z10,1
Z10.75,Z10,1
Z10.76,Z10,1
Z10.77,Z10,1
Z10.78,Z10,0
Z10.79,Z10,0
Z10.80,Z10,0
Z10.81,Z10,0
Z10.82,Z10,0
Z10.83,Z10,0
Z10.84,Z10,0
Z10.85,Z10,0
Z10.86,Z10,0
Z10.87,Z10,0
Z10.88,Z10,0
Z10.89,Z10,0
Z10.90,Z10,0
Z10.91,Z10,0
Z10.92,Z10,0
Z10.93,Z10,0
Z10.94,Z10,0
Z10.95,Z10,0
Z10.96,Z10,0
Z10.97,Z10,0
Z10.98,Z10,0
Z10.99,Z10,0
Z10.100,Z10,0
Z10.101,Z10,0
Z10.102,Z10,0
Z10.103,Z10,0
Z10.104,Z10,0
Z10.105,Z10,0
Z10.106,Z10,0
Z10.107,Z10,0
Z10.108,Z10,0
Z10.109,Z10,0
Z10.110,Z10,0
Z10.111,Z10,0
Z10.112,Z10,0
Z10.113,Z10,0
Z10.114,Z10,0
Z10.115,Z10,0
Z10.116,Z10,0
Z10.117,Z10,0
Z10.118,Z10,0
Z10.119,Z10,0
Z10.120,Z10,0
Z10.121,Z10,0
Z10.122,Z10,0
Z10.123,Z10,0
Z10.124,Z10,0
Z10.125,Z10,0
Z10.126,Z10,0
Z10.127,Z10,0
Z10.128,Z10,0
Z10.129,Z10,0
Z10.130,Z10,0
Z10.131,Z10,0
Z10.132,Z10,0
Z10.133,Z10,0
Z10.134,Z10,0
Z10.135,Z10,0
Z10.136,Z10,0
Z10.137,Z10,0
Z10.138,Z10,0
Z10.139,Z10,0
Z10.140,Z10,0
Z10.141,Z10,0
Z10.142,Z10,0
Z10.143,Z10,0
Z10.144,Z10,0
Z10.145,Z10,0
Z10.146,Z10,0
Z10.147,Z10,0
Z10.148,Z10,0
Z10.149,Z10,0
Z10.150,Z10,0
Z10.151,Z10,0
Z10.152,Z10,0
Z10.153,Z10,0
Z10.154,Z10,0
Z10.155,Z10,0
Z10.156,Z10,0
Z10.157,Z10,0
Z10.158,Z10,0
Z10.159,Z10,0
Z10.160,Z10,0
Z10.161,Z10,0
Z10.162,Z10,0
Z10.163,Z10,0
Z10.164,Z10,0
Z10.165,Z10,0
Z10.166,Z10,0
Z10.167,Z10,0
Z10.168,Z10,0
Z10.169,Z10,0
Z10.170,Z10,0
Z10.171,Z10,0
Z10.172,Z10,0
Z10.173,Z10,0
Z10.174,Z10,0
Z10.175,Z10,0
Z10.176,Z10,0
Z10.177,Z10,0
Z10.178,Z10,0
Z10.179,Z10,0
Z10.180,Z10,0
Z10.181,Z10,0
Z10.182,Z10,0
Z10.183,Z10,0
Z10.184,Z10,0
Z10.185,Z10,0
Z10.186,Z10,0
Z10.187,Z10,0
Z10.188,Z10,0
Z10.189,Z10,0
Z10.190,Z10,0
Z10.191,Z10,0
Z10.192,Z10,0
Z10.193,Z10,0
Z10.194,Z10,0
Z10.195,Z10,0
Z10.196,Z10,0
Z10.197,Z10,0
Z10.198,Z10,0
Z10.199,Z10,0
Z10.200,Z10,0
Z10.201,Z10,0
Z10.202,Z10,0
Z10.203,Z10,0
Z10.204,Z10,0
Z10.205,Z10,0
Z10.206,Z10,0
Z10.207,Z10,0
Z10.208,Z10,0
Z10.209,Z10,0
Z10.210,Z10,0
Z10.211,Z10,0
Z10.212,Z10,0
Z10.213,Z10,0
Z10.214,Z10,0
Z10.215,Z10,0
Z10.216,Z10,0
Z10.217,Z10,0
Z10.218,Z10,0
Z10.219,Z10,0
Z10.220,Z10,0
Z10.221,Z10,0
Z10.222,Z10,0
Z10.223,Z10,0
Z10.224,Z10,0
Z10.225,Z10,0
Z10.226,Z10,0
Z10.227,Z10,0
Z10.228,Z10,0
Z10.229,Z10,0
Z10.230,Z10,0
Z10.231,Z10,0
Z10.232,Z10,0
Z10.233,Z10,0
Z10.234,Z10,0
Z10.235,Z10,0
Z10.236,Z10,0
Z10.237,Z10,0
Z10.238,Z10,0
Z10.239,Z10,0
Z10.240,Z10,0
Z10.241,Z10,0
Z10.242,Z10,0
Z10.243,Z10,0
Z10.244,Z10,0
Z10.245,Z10,0
Z10.246,Z10,0
Z10.247,Z10,0
Z10.248,Z10,0
Z10.249,Z10,0
Z10.250,Z10,0
Z10.251,Z10,0
Z10.252,Z10,0
Z10.253,Z10,0
Z10.254,Z10,0
Z10.255,Z10,0
Z10.256,Z10,0
Z10.257,Z10,0
Z10.258,Z10,0
Z10.259,Z10,0
Z10.260,Z10,0
Z10.261,Z10,0
Z10.262,Z10,0
Z10.263,Z10,0
Z10.264,Z10,0
Z10.265,Z10,0
Z10.266,Z10,0
Z10.267,Z10,0
Z10.268,Z10,0
Z10.269,Z10,0
Z10.270,Z10,0
Z10.271,Z10,0
Z10.272,Z10,0
Z10.273,Z10,0
Z10.274,Z10,0
Z10.275,Z10,0
Z10.276,Z10,0
Z10.277,Z10,0
Z10.278,Z10,0
Z10.279,Z10,0
Z10.280,Z10,0
Z10.281,Z10,0
Z10.282,Z10,0
Z10.283,Z10,0
Z10.284,Z10,0
Z10.285,Z10,0
Z10.286,Z10,0
Z10.287,Z10,0
Z10.288,Z10,0
Z10.289,Z10,0
Z10.290,Z10,0
Z10.291,Z10,0
Z10.292,Z10,0
Z10.293,Z10,0
Z10.294,Z10,0
Z10.295,Z10,0
Z10.296,Z10,0
Z10.297,Z10,0
Z10.298,Z10,0
Z10.299,Z10,0
Z10.300,Z10,0
Z10.301,Z10,0
Z10.302,Z10,0
Z10.303,Z10,0
Z10.304,Z10,0
Z10.305,Z10,0
Z10.306,Z10,0
Z10.307,Z10,0
Z10.308,Z10,0
Z10.309,Z10,0
Z10.310,Z10,0
Z10.311,Z10,0
Z10.312,Z10,0
Z10.313,Z10,0
Z10.314,Z10,0
Z10.315,Z10,0
Z10.316,Z10,0
Z10.317,Z10,0
Z10.318,Z10,0
Z10.319,Z10,0
Z10.320,Z10,0
Z10.321,Z10,0
Z10.322,Z10,0
Z10.323,Z10,0
Z10.324,Z10,0
Z10.325,Z10,0
Z10.326,Z10,0
Z10.327,Z10,0
Z10.328,Z10,0
Z10.329,Z10,0
Z10.330,Z10,0
Z10.331,Z10,0
Z10.332,Z10,0
Z10.333,Z10,0
Z10.334,Z10,0
Z10.335,Z10,0
Z10.336,Z10,0
Z10.337,Z10,0
Z10.338,Z10,0
Z10.339,Z10,0
Z10.340,Z10,0
Z10.341,Z10,0
Z10.342,Z10,0
Z10.343,Z10,0
Z10.344,Z10,0
Z10.345,Z10,0
Z10.346,Z10,0
Z10.347,Z10,0
Z10.348,Z10,0
Z10.349,Z10,0
Z10.350,Z10,0
Z10.351,Z10,0
Z10.352,Z10,0
Z10.353,Z10,0
Z10.354,Z10,0
Z10.355,Z10,0
Z10.356,Z10,0
Z10.357,Z10,0
Z10.358,Z10,0
Z10.359,Z10,0
Z10.360,Z10,0
Z10.361,Z10,0
Z10.362,Z10,0
Z10.363,Z10,0
Z10.364,Z10,0
Z10.365,Z10,0
Z10.366,Z10,0
Z10.367,Z10,0
Z10.368,Z10,0
Z10.369,Z10,0
Z10.370,Z10,0
Z10.371,Z10,0
Z10.372,Z10,0
Z10.373,Z10,0
Z10.374,Z10,0
Z10.375,Z10,0
Z10.376,Z10,0
Z10.377,Z10,0
Z10.378,Z10,0
Z10.379,Z10,0
Z10.380,Z10,0
Z10.381,Z10,0
Z10.382,Z10,0
Z10.383,Z10,0
Z10.384,Z10,0
Z10.385,Z10,0
Z10.386,Z10,0
Z10.387,Z10,0
Z10.388,Z10,0
Z10.389,Z10,0
Z10.390,Z10,0
Z10.391,Z10,0
Z10.392,Z10,0
Z10.393,Z10,0
Z10.394,Z10,0
Z10.395,Z10,0
Z10.396,Z10,0
Z10.397,Z10,0
Z10.398,Z10,0
Z10.399,Z10,0
Z10.400,Z10,0
Z10.401,Z10,0
Z10.402,Z10,0
Z10.403,Z10,0
Z10.404,Z10,0
Z10.405,Z10,0
Z10.406,Z10,0
Z10.407,Z10,0
Z12.01,Z12,1
Z12.02,Z12,1
Z12.03,Z12,1
Z12.04,Z12,1
Z12.05,Z12,1
Z12.06,Z12,1
Z12.07,Z12,1
Z12.08,Z12,1
Z12.09,Z12,1
Z12.10,Z12,1
Z12.11,Z12,1
Z12.12,Z12,1
Z12.13,Z12,1
Z12.14,Z12,1
Z12.15,Z12,1
Z12.16,Z12,1
Z12.17,Z12,1
Z12.18,Z12,1
Z12.19,Z12,1
Z12.20,Z12,1
Z12.21,Z12,1
Z12.22,Z12,1
Z12.23,Z12,1
Z12.24,Z12,1
Z12.25,Z12,1
Z12.26,Z12,1
Z12.27,Z12,1
Z12.28,Z12,1
Z12.29,Z12,1
Z12.30,Z12,1
Z12.31,Z12,1
Z12.32,Z12,1
Z12.33,Z12,1
Z12.34,Z12,1
Z12.35,Z12,1
Z12.36,Z12,1
Z12.37,Z12,1
Z12.38,Z12,1
Z12.39,Z12,1
Z12.40,Z12,1
Z12.41,Z12,0
Z12.42,Z12,0
Z12.43,Z12,0
Z12.44,Z12,0
Z12.45,Z12,0
Z12.46,Z12,0
Z12.47,Z12,0
Z12.48,Z12,0
Z12.49,Z12,0
Z12.50,Z12,0
Z12.51,Z12,0
Z12.52,Z12,0
Z12.53,Z12,0
Z12.54,Z12,0
Z12.55,Z12,0
Z12.56,Z12,0
Z12.57,Z12,0
Z12.58,Z12,0
Z12.59,Z12,0
Z12.60,Z12,0
Z12.61,Z12,0
Z12.62,Z12,0
Z12.63,Z12,0
Z12.64,Z12,0
Z12.65,Z12,0
Z12.66,Z12,0
Z12.67,Z12,0
Z12.68,Z12,0
Z12.69,Z12,0
Z12.70,Z12,0
Z12.71,Z12,0
Z12.72,Z12,0
Z12.73,Z12,0
Z12.74,Z12,0
Z12.75,Z12,0
Z12.76,Z12,0
Z13.01,Z13,1
Z13.02,Z13,1
Z13.03,Z13,1
Z13.04,Z13,1
Z13.05,Z13,1
Z13.06,Z13,1
Z13.07,Z13,1
Z13.08,Z13,1
Z13.09,Z13,1
Z13.10,Z13,1
Z13.11,Z13,1
Z13.12,Z13,1
Z13.13,Z13,1
Z13.14,Z13,1
Z13.15,Z13,1
Z13.16,Z13,1
Z13.17,Z13,1
Z13.18,Z13,1
Z13.19,Z13,1
Z13.20,Z13,1
Z13.21,Z13,1
Z13.22,Z13,1
Z13.23,Z13,1
Z13.24,Z13,1
Z13.25,Z13,1
Z13.26,Z13,1
Z13.27,Z13,1
Z13.28,Z13,1
Z13.29,Z13,1
Z13.30,Z13,1
Z13.31,Z13,1
Z13.32,Z13,1
Z13.33,Z13,1
Z13.34,Z13,1
Z13.35,Z13,1
Z13.36,Z13,1
Z13.37,Z13,1
Z13.38,Z13,1
Z13.39,Z13,1
Z13.40,Z13,1
Z13.41,Z13,1
Z13.42,Z13,1
Z13.43,Z13,1
Z13.44,Z13,1
Z13.45,Z13,1
Z13.46,Z13,1
Z13.47,Z13,1
Z13.48,Z13,1
Z13.49,Z13,1
Z13.50,Z13,1
Z13.51,Z13,1
Z13.52,Z13,1
Z13.53,Z13,1
Z13.54,Z13,1
Z13.55,Z13,1
Z13.56,Z13,1
Z13.57,Z13,1
Z13.58,Z13,1
Z13.59,Z13,1
Z13.60,Z13,1
Z13.61,Z13,1
Z13.62,Z13,1
Z13.63,Z13,1
Z13.64,Z13,1
Z13.65,Z13,1
Z13.66,Z13,1
Z13.67,Z13,1
Z13.68,Z13,1
Z13.69,Z13,1
Z13.70,Z13,1
Z13.71,Z13,1
Z13.72,Z13,1
Z13.73,Z13,1
Z13.74,Z13,1
Z13.75,Z13,1
Z13.76,Z13,1
Z13.77,Z13,1
Z13.78,Z13,1
Z13.79,Z13,1
Z13.80,Z13,1
Z13.81,Z13,1
Z13.82,Z13,1
Z13.83,Z13,1
Z13.84,Z13,1
Z13.85,Z13,1
Z13.86,Z13,1
Z13.87,Z13,1
Z13.88,Z13,1
Z13.89,Z13,1
Z13.90,Z13,1
Z13.91,Z13,1
Z13.92,Z13,1
Z13.93,Z13,1
Z13.94,Z13,1
Z13.95,Z13,1
Z13.96,Z13,1
Z13.97,Z13,1
Z13.98,Z13,1
Z13.99,Z13,1
Z13.100,Z13,1
Z13.101,Z13,1
Z13.102,Z13,1
Z13.103,Z13,1
Z13.104,Z13,1
Z13.105,Z13,1
Z13.106,Z13,1
Z13.107,Z13,1
Z13.108,Z13,1
Z13.109,Z13,1
Z13.110,Z13,1
Z13.111,Z13,1
Z13.112,Z13,1
Z13.113,Z13,1
Z13.114,Z13,1
Z13.115,Z13,1
Z13.116,Z13,1
Z13.117,Z13,1
Z13.118,Z13,1
Z13.119,Z13,1
Z13.120,Z13,1
Z13.121,Z13,1
Z13.122,Z13,1
Z13.123,Z13,1
Z13.124,Z13,1
Z13.125,Z13,1
Z13.126,Z13,1
Z13.127,Z13,1
Z13.128,Z13,1
Z13.129,Z13,1
Z13.130,Z13,1
Z13.131,Z13,1
Z13.132,Z13,1
Z13.133,Z13,1
Z13.134,Z13,1
Z13.135,Z13,1
Z13.136,Z13,1
Z13.137,Z13,1
Z13.138,Z13,1
Z13.139,Z13,1
Z13.140,Z13,1
Z13.141,Z13,1
Z13.142,Z13,1
Z13.143,Z13,1
Z13.144,Z13,1
Z13.145,Z13,1
Z13.146,Z13,1
Z13.147,Z13,1
Z13.148,Z13,1
Z13.149,Z13,1
Z13.150,Z13,1
Z13.151,Z13,1
Z13.152,Z13,1
Z13.153,Z13,1
Z13.154,Z13,0
Z13.155,Z13,0
Z13.156,Z13,0
Z13.157,Z13,0
Z13.158,Z13,0
Z13.159,Z13,0
Z13.160,Z13,0
Z13.161,Z13,0
Z13.162,Z13,0
Z13.163,Z13,0
Z13.164,Z13,0
Z13.165,Z13,0
Z13.166,Z13,0
Z13.167,Z13,0
Z13.168,Z13,0
Z13.169,Z13,0
Z13.170,Z13,0
Z13.171,Z13,0
Z13.172,Z13,0
Z13.173,Z13,0
Z13.174,Z13,0
Z13.175,Z13,0
Z13.176,Z13,0
Z13.177,Z13,0
Z13.178,Z13,0
Z13.179,Z13,0
Z13.180,Z13,0
Z13.181,Z13,0
Z13.182,Z13,0
Z13.183,Z13,0
Z13.184,Z13,0
Z13.185,Z13,0
Z13.186,Z13,0
Z13.187,Z13,0
Z13.188,Z13,0
Z13.189,Z13,0
Z13.190,Z13,0
Z13.191,Z13,0
Z13.192,Z13,0
Z13.193,Z13,0
Z13.194,Z13,0
Z13.195,Z13,0
Z13.196,Z13,0
Z13.197,Z13,0
Z13.198,Z13,0
Z13.199,Z13,0
Z13.200,Z13,0
Z13.201,Z13,0
Z13.202,Z13,0
Z13.203,Z13,0
Z13.204,Z13,0
Z13.205,Z13,0
Z13.206,Z13,0
Z13.207,Z13,0
Z13.208,Z13,0
Z13.209,Z13,0
Z13.210,Z13,0
Z13.211,Z13,0
Z13.212,Z13,0
Z13.213,Z13,0
Z13.214,Z13,0
Z13.215,Z13,0
Z13.216,Z13,0
Z13.217,Z13,0
Z13.218,Z13,0
Z13.219,Z13,0
Z13.220,Z13,0
Z13.221,Z13,0
Z13.222,Z13,0
Z13.223,Z13,0
Z13.224,Z13,0
Z13.225,Z13,0
Z13.226,Z13,0
Z13.227,Z13,0
Z13.228,Z13,0
Z13.229,Z13,0
Z13.230,Z13,0
Z13.231,Z13,0
Z13.232,Z13,0
Z13.233,Z13,0
Z13.234,Z13,0
Z13.235,Z13,0
Z13.236,Z13,0
Z13.237,Z13,0
Z13.238,Z13,0
Z13.239,Z13,0
Z13.240,Z13,0
Z13.241,Z13,0
Z13.242,Z13,0
Z13.243,Z13,0
Z13.244,Z13,0
Z13.245,Z13,0
Z13.246,Z13,0
Z13.247,Z13,0
Z13.248,Z13,0
Z13.249,Z13,0
Z13.250,Z13,0
Z13.251,Z13,0
Z13.252,Z13,0
Z13.253,Z13,0
Z13.254,Z13,0
Z13.255,Z13,0
Z13.256,Z13,0
Z13.257,Z13,0
Z13.258,Z13,0
Z13.259,Z13,0
Z13.260,Z13,0
Z13.261,Z13,0
Z13.262,Z13,0
Z13.263,Z13,0
Z13.264,Z13,0
Z13.265,Z13,0
Z13.266,Z13,0
Z13.267,Z13,0
Z13.268,Z13,0
Z13.269,Z13,0
Z13.270,Z13,0
Z13.271,Z13,0
Z13.272,Z13,0
Z13.273,Z13,0
Z13.274,Z13,0
Z13.275,Z13,0
Z13.276,Z13,0
Z13.277,Z13,0
Z13.278,Z13,0
Z13.279,Z13,0
Z13.280,Z13,0
Z13.281,Z13,0
Z13.282,Z13,0
Z13.283,Z13,0
Z13.284,Z13,0
Z13.285,Z13,0
Z13.286,Z13,0
Z13.287,Z13,0
Z13.288,Z13,0
Z13.289,Z13,0
Z13.290,Z13,0
Z13.291,Z13,0
Z13.292,Z13,0
Z13.293,Z13,0
Z13.294,Z13,0
Z13.295,Z13,0
Z13.296,Z13,0
Z13.297,Z13,0
Z13.298,Z13,0
Z13.299,Z13,0
Z13.300,Z13,0
Z13.301,Z13,0
Z13.302,Z13,0
Z13.303,Z13,0
Z13.304,Z13,0
Z13.305,Z13,0
Z13.306,Z13,0
Z13.307,Z13,0
Z13.308,Z13,0
Z13.309,Z13,0
Z13.310,Z13,0
Z13.311,Z13,0
Z13.312,Z13,0
Z13.313,Z13,0
Z13.314,Z13,0
Z13.315,Z13,0
Z13.316,Z13,0
Z13.317,Z13,0
Z13.318,Z13,0
Z13.319,Z13,0
Z13.320,Z13,0
Z13.321,Z13,0
Z13.322,Z13,0
Z13.323,Z13,0
Z13.324,Z13,0
Z13.325,Z13,0
Z13.326,Z13,0
Z13.327,Z13,0
Z13.328,Z13,0
Z13.329,Z13,0
Z13.330,Z13,0
Z13.331,Z13,0
Z13.332,Z13,0
Z13.333,Z13,0
Z13.334,Z13,0
Z13.335,Z13,0
Z13.336,Z13,0
Z13.337,Z13,0
Z13.338,Z13,0
Z13.339,Z13,0
Z13.340,Z13,0
Z13.341,Z13,0
Z13.342,Z13,0
Z13.343,Z13,0
Z13.344,Z13,0
Z13.345,Z13,0
Z13.346,Z13,0
Z13.347,Z13,0
Z13.348,Z13,0
Z13.349,Z13,0
Z13.350,Z13,0
Z13.351,Z13,0
Z14.01,Z14,1
Z14.02,Z14,1
Z14.03,Z14,1
Z14.04,Z14,1
Z14.05,Z14,1
Z14.06,Z14,1
Z14.07,Z14,1
Z14.08,Z14,1
Z14.09,Z14,1
Z14.10,Z14,1
Z14.11,Z14,1
Z14.12,Z14,1
Z14.13,Z14,1
Z14.14,Z14,1
Z14.15,Z14,1
Z14.16,Z14,1
Z14.17,Z14,1
Z14.18,Z14,1
Z14.19,Z14,1
Z14.20,Z14,1
Z14.21,Z14,1
Z14.22,Z14,1
Z14.23,Z14,1
Z14.24,Z14,1
Z14.25,Z14,1
Z14.26,Z14,1
Z14.27,Z14,1
Z14.28,Z14,1
Z14.29,Z14,1
Z14.30,Z14,1
Z14.31,Z14,1
Z14.32,Z14,1
Z14.33,Z14,1
Z14.34,Z14,1
Z14.35,Z14,1
Z14.36,Z14,1
Z14.37,Z14,1
Z14.38,Z14,1
Z14.39,Z14,1
Z14.40,Z14,1
Z14.41,Z14,1
Z14.42,Z14,1
Z14.43,Z14,1
Z14.44,Z14,1
Z14.45,Z14,1
Z14.46,Z14,1
Z14.47,Z14,1
Z14.48,Z14,1
Z14.49,Z14,1
Z14.50,Z14,1
Z14.51,Z14,1
Z14.52,Z14,1
Z14.53,Z14,1
Z14.54,Z14,1
Z14.55,Z14,1
Z14.56,Z14,1
Z14.57,Z14,1
Z14.58,Z14,1
Z14.59,Z14,1
Z14.60,Z14,1
Z14.61,Z14,1
Z14.62,Z14,1
Z14.63,Z14,1
Z14.64,Z14,1
Z14.65,Z14,1
Z14.66,Z14,1
Z14.67,Z14,1
Z14.68,Z14,1
Z14.69,Z14,1
Z14.70,Z14,1
Z14.71,Z14,1
Z14.72,Z14,1
Z14.73,Z14,1
Z14.74,Z14,1
Z14.75,Z14,1
Z14.76,Z14,1
Z14.77,Z14,1
Z14.78,Z14,1
Z14.79,Z14,1
Z14.80,Z14,1
Z14.81,Z14,1
Z14.82,Z14,1
Z14.83,Z14,1
Z14.84,Z14,1
Z14.85,Z14,1
Z14.86,Z14,1
Z14.87,Z14,1
Z14.88,Z14,1
Z14.89,Z14,1
Z14.90,Z14,1
Z14.91,Z14,1
Z14.92,Z14,1
Z14.93,Z14,1
Z14.94,Z14,1
Z14.95,Z14,1
Z14.96,Z14,1
Z14.97,Z14,1
Z14.98,Z14,1
Z14.99,Z14,1
Z14.100,Z14,1
Z14.101,Z14,1
Z14.102,Z14,1
Z14.103,Z14,1
Z14.104,Z14,1
Z14.105,Z14,1
Z14.106,Z14,1
Z14.107,Z14,1
Z14.108,Z14,1
Z14.109,Z14,1
Z14.110,Z14,1
Z14.111,Z14,1
Z14.112,Z14,1
Z14.113,Z14,1
Z14.114,Z14,1
Z14.115,Z14,1
Z14.116,Z14,1
Z14.117,Z14,1
Z14.118,Z14,1
Z14.119,Z14,1
Z14.120,Z14,1
Z14.121,Z14,1
Z14.122,Z14,1
Z14.123,Z14,1
Z14.124,Z14,1
Z14.125,Z14,1
Z14.126,Z14,1
Z14.127,Z14,1
Z14.128,Z14,1
Z14.129,Z14,1
Z14.130,Z14,1
Z14.131,Z14,1
Z14.132,Z14,1
Z14.133,Z14,1
Z14.134,Z14,1
Z14.135,Z14,1
Z14.136,Z14,1
Z14.137,Z14,1
Z14.138,Z14,1
Z14.139,Z14,1
Z14.140,Z14,1
Z14.141,Z14,1
Z14.142,Z14,1
Z14.143,Z14,1
Z14.144,Z14,1
Z14.145,Z14,1
Z14.146,Z14,1
Z14.147,Z14,1
Z14.148,Z14,1
Z14.149,Z14,1
Z14.150,Z14,1
Z14.151,Z14,1
Z14.152,Z14,1
Z14.153,Z14,1
Z14.154,Z14,1
Z14.155,Z14,1
Z14.156,Z14,1
Z14.157,Z14,1
Z14.158,Z14,1
Z14.159,Z14,1
Z14.160,Z14,1
Z14.161,Z14,1
Z14.162,Z14,1
Z14.163,Z14,1
Z14.164,Z14,1
Z14.165,Z14,1
Z14.166,Z14,1
Z14.167,Z14,1
Z14.168,Z14,1
Z14.169,Z14,1
Z14.170,Z14,1
Z14.171,Z14,1
Z14.172,Z14,1
Z14.173,Z14,1
Z14.174,Z14,1
Z14.175,Z14,1
Z14.176,Z14,1
Z14.177,Z14,1
Z14.178,Z14,1
Z14.179,Z14,1
Z14.180,Z14,1
Z14.181,Z14,1
Z14.182,Z14,1
Z14.183,Z14,1
Z14.184,Z14,1
Z14.185,Z14,1
Z14.186,Z14,1
Z14.187,Z14,1
Z14.188,Z14,1
Z14.189,Z14,1
Z14.190,Z14,0
Z14.191,Z14,0
Z14.192,Z14,0
Z14.193,Z14,0
Z14.194,Z14,0
Z14.195,Z14,0
Z14.196,Z14,0
Z14.197,Z14,0
Z14.198,Z14,0
Z14.199,Z14,0
Z14.200,Z14,0
Z14.201,Z14,0
Z14.202,Z14,0
Z14.203,Z14,0
Z14.204,Z14,0
Z14.205,Z14,0
Z14.206,Z14,0
Z14.207,Z14,0
Z14.208,Z14,0
Z14.209,Z14,0
Z14.210,Z14,0
Z14.211,Z14,0
Z14.212,Z14,0
Z14.213,Z14,0
Z14.214,Z14,0
Z14.215,Z14,0
Z14.216,Z14,0
Z14.217,Z14,0
Z14.218,Z14,0
Z14.219,Z14,0
Z14.220,Z14,0
Z14.221,Z14,0
Z14.222,Z14,0
Z14.223,Z14,0
Z14.224,Z14,0
Z14.225,Z14,0
Z14.226,Z14,0
Z14.227,Z14,0
Z14.228,Z14,0
Z14.229,Z14,0
Z14.230,Z14,0
Z14.231,Z14,0
Z14.232,Z14,0
Z14.233,Z14,0
Z14.234,Z14,0
Z14.235,Z14,0
Z14.236,Z14,0
Z14.237,Z14,0
Z14.238,Z14,0
Z14.239,Z14,0
Z14.240,Z14,0
Z14.241,Z14,0
Z14.242,Z14,0
Z14.243,Z14,0
Z14.244,Z14,0
Z14.245,Z14,0
Z14.246,Z14,0
Z14.247,Z14,0
Z14.248,Z14,0
Z14.249,Z14,0
Z14.250,Z14,0
Z14.251,Z14,0
Z14.252,Z14,0
Z14.253,Z14,0
Z14.254,Z14,0
Z14.255,Z14,0
Z14.256,Z14,0
Z14.257,Z14,0
Z14.258,Z14,0
Z14.259,Z14,0
Z14.260,Z14,0
Z14.261,Z14,0
Z14.262,Z14,0
Z14.263,Z14,0
Z14.264,Z14,0
Z14.265,Z14,0
Z14.266,Z14,0
Z14.267,Z14,0
Z14.268,Z14,0
Z14.269,Z14,0
Z14.270,Z14,0
Z14.271,Z14,0
Z14.272,Z14,0
Z14.273,Z14,0
Z14.274,Z14,0
Z14.275,Z14,0
Z14.276,Z14,0
Z14.277,Z14,0
Z14.278,Z14,0
Z14.279,Z14,0
Z14.280,Z14,0
Z14.281,Z14,0
Z14.282,Z14,0
Z14.283,Z14,0
Z14.284,Z14,0
Z14.285,Z14,0
Z14.286,Z14,0
Z14.287,Z14,0
Z14.288,Z14,0
Z14.289,Z14,0
Z14.290,Z14,0
Z14.291,Z14,0
Z14.292,Z14,0
Z14.293,Z14,0
Z14.294,Z14,0
Z14.295,Z14,0
Z14.296,Z14,0
Z14.297,Z14,0
Z14.298,Z14,0
Z14.299,Z14,0
Z14.300,Z14,0
Z14.301,Z14,0
Z14.302,Z14,0
Z14.303,Z14,0
Z14.304,Z14,0
Z14.305,Z14,0
Z14.306,Z14,0
Z14.307,Z14,0
Z14.308,Z14,0
Z14.309,Z14,0
Z14.310,Z14,0
Z14.311,Z14,0
Z14.312,Z14,0
Z14.313,Z14,0
Z14.314,Z14,0
Z14.315,Z14,0
Z14.316,Z14,0
Z14.317,Z14,0
Z14.318,Z14,0
Z14.319,Z14,0
Z14.320,Z14,0
Z14.321,Z14,0
Z14.322,Z14,0
Z14.323,Z14,0
Z14.324,Z14,0
Z14.325,Z14,0
Z14.326,Z14,0
Z14.327,Z14,0
Z14.328,Z14,0
Z14.329,Z14,0
Z14.330,Z14,0
Z14.331,Z14,0
Z14.332,Z14,0
Z14.333,Z14,0
Z14.334,Z14,0
Z14.335,Z14,0
Z14.336,Z14,0
Z14.337,Z14,0
Z14.338,Z14,0
Z14.339,Z14,0
Z14.340,Z14,0
Z14.341,Z14,0
Z14.342,Z14,0
Z14.343,Z14,0
Z14.344,Z14,0
Z14.345,Z14,0
Z14.346,Z14,0
Z14.347,Z14,0
Z14.348,Z14,0
Z14.349,Z14,0
Z14.350,Z14,0
Z14.351,Z14,0
Z14.352,Z14,0
Z14.353,Z14,0
Z14.354,Z14,0
Z14.355,Z14,0
Z14.356,Z14,0
Z14.357,Z14,0
Z14.358,Z14,0
Z14.359,Z14,0
Z14.360,Z14,0
Z14.361,Z14,0
Z14.362,Z14,0
Z14.363,Z14,0
Z14.364,Z14,0
Z14.365,Z14,0
Z14.366,Z14,0
Z14.367,Z14,0
Z14.368,Z14,0
Z14.369,Z14,0
Z14.370,Z14,0
Z14.371,Z14,0
Z14.372,Z14,0
Z14.373,Z14,0
Z14.374,Z14,0
Z14.375,Z14,0
Z14.376,Z14,0
Z14.377,Z14,0
Z14.378,Z14,0
Z14.379,Z14,0
Z14.380,Z14,0
Z14.381,Z14,0
Z14.382,Z14,0
Z14.383,Z14,0
Z14.384,Z14,0
Z14.385,Z14,0
Z14.386,Z14,0
Z14.387,Z14,0
Z14.388,Z14,0
Z14.389,Z14,0
Z14.390,Z14,0
Z14.391,Z14,0
Z14.392,Z14,0
Z14.393,Z14,0
Z14.394,Z14,0
Z14.395,Z14,0
Z14.396,Z14,0
Z14.397,Z14,0
Z14.398,Z14,0
Z14.399,Z14,0
Z14.400,Z14,0
Z14.401,Z14,0
Z14.402,Z14,0
Z14.403,Z14,0
Z14.404,Z14,0
Z14.405,Z14,0
Z14.406,Z14,0
Z14.407,Z14,0
Z14.408,Z14,0
Z14.409,Z14,0
Z14.410,Z14,0
Z14.411,Z14,0
Z14.412,Z14,0
Z14.413,Z14,0
Z14.414,Z14,0
Z14.415,Z14,0
Z14.416,Z14,0
Z14.417,Z14,0
Z14.418,Z14,0
Z14.419,Z14,0
Z14.420,Z14,0
Z14.421,Z14,0
Z14.422,Z14,0
Z14.423,Z14,0
Z14.424,Z14,0
Z14.425,Z14,0
Z14.426,Z14,0
Z14.427,Z14,0
Z14.428,Z14,0
Z14.429,Z14,0
Z14.430,Z14,0
Z14.431,Z14,0
Z14.432,Z14,0
Z14.433,Z14,0
Z14.434,Z14,0
Z14.435,Z14,0
Z14.436,Z14,0
Z14.437,Z14,0
Z14.438,Z14,0
Z14.439,Z14,0
Z14.440,Z14,0
Z14.441,Z14,0
Z14.442,Z14,0
Z14.443,Z14,0
Z14.444,Z14,0
Z14.445,Z14,0
Z14.446,Z14,0
Z14.447,Z14,0
Z14.448,Z14,0
Z14.449,Z14,0
Z14.450,Z14,0
Z14.451,Z14,0
Z14.452,Z14,0
Z14.453,Z14,0
Z14.454,Z14,0
Z14.455,Z14,0
Z14.456,Z14,0
Z14.457,Z14,0
Z14.458,Z14,0
Z14.459,Z14,0
Z14.460,Z14,0
Z14.461,Z14,0
Z14.462,Z14,0
Z14.463,Z14,0
Z14.464,Z14,0
Z14.465,Z14,0
Z14.466,Z14,0
Z14.467,Z14,0
Z14.468,Z14,0
Z14.469,Z14,0
Z14.470,Z14,0
Z14.471,Z14,0
Z14.472,Z14,0
Z14.473,Z14,0
Z14.474,Z14,0
Z14.475,Z14,0
Z14.476,Z14,0
Z14.477,Z14,0
Z14.478,Z14,0
Z14.479,Z14,0
Z14.480,Z14,0
Z14.481,Z14,0
Z14.482,Z14,0
Z14.483,Z14,0
Z14.484,Z14,0
Z14.485,Z14,0
Z14.486,Z14,0
Z14.487,Z14,0
Z14.488,Z14,0
Z14.489,Z14,0
Z14.490,Z14,0
Z14.491,Z14,0
Z14.492,Z14,0
Z14.493,Z14,0
Z14.494,Z14,0
Z14.495,Z14,0
Z14.496,Z14,0
Z14.497,Z14,0
Z14.498,Z14,0
Z14.499,Z14,0
Z14.500,Z14,0
Z14.501,Z14,0
Z14.502,Z14,0
Z14.503,Z14,0
Z14.504,Z14,0
Z14.505,Z14,0
Z14.506,Z14,0
Z14.507,Z14,0
Z14.508,Z14,0
Z14.509,Z14,0
Z14.510,Z14,0
Z14.511,Z14,0
Z14.512,Z14,0
Z14.513,Z14,0
Z14.514,Z14,0
Z14.515,Z14,0
Z14.516,Z14,0
Z14.517,Z14,0
Z14.518,Z14,0
Z14.519,Z14,0
Z14.520,Z14,0
Z14.521,Z14,0
Z14.522,Z14,0
Z14.523,Z14,0
Z14.524,Z14,0
Z14.525,Z14,0
Z14.526,Z14,0
Z14.527,Z14,0
Z14.528,Z14,0
Z14.529,Z14,0
Z14.530,Z14,0
Z14.531,Z14,0
Z14.532,Z14,0
Z14.533,Z14,0
Z14.534,Z14,0
Z14.535,Z14,0
Z14.536,Z14,0
Z14.537,Z14,0
Z14.538,Z14,0
Z14.539,Z14,0
Z14.540,Z14,0
Z14.541,Z14,0
Z14.542,Z14,0
Z14.543,Z14,0
Z14.544,Z14,0
Z14.545,Z14,0
Z14.546,Z14,0
Z14.547,Z14,0
Z14.548,Z14,0
Z14.549,Z14,0
Z14.550,Z14,0
Z14.551,Z14,0
Z14.552,Z14,0
Z14.553,Z14,0
Z14.554,Z14,0
Z14.555,Z14,0
Z14.556,Z14,0
Z14.557,Z14,0
Z14.558,Z14,0
Z14.559,Z14,0
Z14.560,Z14,0
Z14.561,Z14,0
Z14.562,Z14,0
Z14.563,Z14,0
Z14.564,Z14,0
Z14.565,Z14,0
Z14.566,Z14,0
Z14.567,Z14,0
Z14.568,Z14,0
Z14.569,Z14,0
Z14.570,Z14,0
Z14.571,Z14,0
Z14.572,Z14,0
Z14.573,Z14,0
Z14.574,Z14,0
Z14.575,Z14,0
Z14.576,Z14,0
Z14.577,Z14,0
Z14.578,Z14,0
Z14.579,Z14,0
Z14.580,Z14,0
Z14.581,Z14,0
Z14.582,Z14,0
Z14.583,Z14,0
Z14.584,Z14,0
Z14.585,Z14,0
Z14.586,Z14,0
Z14.587,Z14,0
Z14.588,Z14,0
Z14.589,Z14,0
Z14.590,Z14,0
Z14.591,Z14,0
Z14.592,Z14,0
Z14.593,Z14,0
Z14.594,Z14,0
Z14.595,Z14,0
Z14.596,Z14,0
Z14.597,Z14,0
Z14.598,Z14,0
Z14.599,Z14,0
Z14.600,Z14,0
Z14.601,Z14,0
Z15.01,Z15,1
Z15.02,Z15,1
Z15.03,Z15,1
Z15.04,Z15,1
Z15.05,Z15,1
Z15.06,Z15,1
Z15.07,Z15,1
Z15.08,Z15,1
Z15.09,Z15,1
Z15.10,Z15,1
Z15.11,Z15,1
Z15.12,Z15,1
Z15.13,Z15,1
Z15.14,Z15,1
Z15.15,Z15,1
Z15.16,Z15,1
Z15.17,Z15,1
Z15.18,Z15,1
Z15.19,Z15,1
Z15.20,Z15,1
Z15.21,Z15,1
Z15.22,Z15,1
Z15.23,Z15,1
Z15.24,Z15,1
Z15.25,Z15,1
Z15.26,Z15,1
Z15.27,Z15,1
Z15.28,Z15,1
Z15.29,Z15,1
Z15.30,Z15,1
Z15.31,Z15,1
Z15.32,Z15,1
Z15.33,Z15,1
Z15.34,Z15,1
Z15.35,Z15,1
Z15.36,Z15,1
Z15.37,Z15,1
Z15.38,Z15,1
Z15.39,Z15,1
Z15.40,Z15,1
Z15.41,Z15,1
Z15.42,Z15,1
Z15.43,Z15,1
Z15.44,Z15,1
Z15.45,Z15,1
Z15.46,Z15,1
Z15.47,Z15,1
Z15.48,Z15,1
Z15.49,Z15,1
Z15.50,Z15,1
Z15.51,Z15,1
Z15.52,Z15,1
Z15.53,Z15,1
Z15.54,Z15,1
Z15.55,Z15,1
Z15.56,Z15,1
Z15.57,Z15,1
Z15.58,Z15,1
Z15.59,Z15,1
Z15.60,Z15,1
Z15.61,Z15,1
Z15.62,Z15,1
Z15.63,Z15,1
Z15.64,Z15,1
Z15.65,Z15,1
Z15.66,Z15,1
Z15.67,Z15,1
Z15.68,Z15,1
Z15.69,Z15,1
Z15.70,Z15,1
Z15.71,Z15,1
Z15.72,Z15,1
Z15.73,Z15,1
Z15.74,Z15,1
Z15.75,Z15,1
Z15.76,Z15,1
Z15.77,Z15,1
Z15.78,Z15,1
Z15.79,Z15,1
Z15.80,Z15,1
Z15.81,Z15,1
Z15.82,Z15,1
Z15.83,Z15,1
Z15.84,Z15,1
Z15.85,Z15,1
Z15.86,Z15,1
Z15.87,Z15,1
Z15.88,Z15,1
Z15.89,Z15,1
Z15.90,Z15,1
Z15.91,Z15,1
Z15.92,Z15,1
Z15.93,Z15,1
Z15.94,Z15,1
Z15.95,Z15,1
Z15.96,Z15,1
Z15.97,Z15,1
Z15.98,Z15,1
Z15.99,Z15,1
Z15.100,Z15,1
Z15.101,Z15,1
Z15.102,Z15,1
Z15.103,Z15,1
Z15.104,Z15,1
Z15.105,Z15,1
Z15.106,Z15,1
Z15.107,Z15,1
Z15.108,Z15,1
Z15.109,Z15,1
Z15.110,Z15,1
Z15.111,Z15,1
Z15.112,Z15,1
Z15.113,Z15,1
Z15.114,Z15,1
Z15.115,Z15,1
Z15.116,Z15,1
Z15.117,Z15,1
Z15.118,Z15,1
Z15.119,Z15,1
Z15.120,Z15,1
Z15.121,Z15,1
Z15.122,Z15,1
Z15.123,Z15,1
Z15.124,Z15,1
Z15.125,Z15,1
Z15.126,Z15,1
Z15.127,Z15,1
Z15.128,Z15,1
Z15.129,Z15,1
Z15.130,Z15,1
Z15.131,Z15,1
Z15.132,Z15,1
Z15.133,Z15,1
Z15.134,Z15,1
Z15.135,Z15,1
Z15.136,Z15,1
Z15.137,Z15,1
Z15.138,Z15,1
Z15.139,Z15,1
Z15.140,Z15,1
Z15.141,Z15,1
Z15.142,Z15,1
Z15.143,Z15,1
Z15.144,Z15,1
Z15.145,Z15,1
Z15.146,Z15,0
Z15.147,Z15,0
Z15.148,Z15,0
Z15.149,Z15,0
Z15.150,Z15,0
Z15.151,Z15,0
Z15.152,Z15,0
Z15.153,Z15,0
Z15.154,Z15,0
Z15.155,Z15,0
Z15.156,Z15,0
Z15.157,Z15,0
Z15.158,Z15,0
Z15.159,Z15,0
Z15.160,Z15,0
Z15.161,Z15,0
Z15.162,Z15,0
Z15.163,Z15,0
Z15.164,Z15,0
Z15.165,Z15,0
Z15.166,Z15,0
Z15.167,Z15,0
Z15.168,Z15,0
Z15.169,Z15,0
Z15.170,Z15,0
Z15.171,Z15,0
Z15.172,Z15,0
Z15.173,Z15,0
Z15.174,Z15,0
Z15.175,Z15,0
Z15.176,Z15,0
Z15.177,Z15,0
Z15.178,Z15,0
Z15.179,Z15,0
Z15.180,Z15,0
Z15.181,Z15,0
Z15.182,Z15,0
Z15.183,Z15,0
Z15.184,Z15,0
Z15.185,Z15,0
Z15.186,Z15,0
Z15.187,Z15,0
Z15.188,Z15,0
Z15.189,Z15,0
Z15.190,Z15,0
Z15.191,Z15,0
Z15.192,Z15,0
Z15.193,Z15,0
Z15.194,Z15,0
Z15.195,Z15,0
Z15.196,Z15,0
Z15.197,Z15,0
Z15.198,Z15,0
Z15.199,Z15,0
Z15.200,Z15,0
Z15.201,Z15,0
Z15.202,Z15,0
Z15.203,Z15,0
Z15.204,Z15,0
Z15.205,Z15,0
Z15.206,Z15,0
Z15.207,Z15,0
Z15.208,Z15,0
Z15.209,Z15,0
Z15.210,Z15,0
Z15.211,Z15,0
Z15.212,Z15,0
Z15.213,Z15,0
Z15.214,Z15,0
Z15.215,Z15,0
Z15.216,Z15,0
Z15.217,Z15,0
Z15.218,Z15,0
Z15.219,Z15,0
Z15.220,Z15,0
Z15.221,Z15,0
Z15.222,Z15,0
Z15.223,Z15,0
Z15.224,Z15,0
Z15.225,Z15,0
Z15.226,Z15,0
Z15.227,Z15,0
Z15.228,Z15,0
Z15.229,Z15,0
Z15.230,Z15,0
Z15.231,Z15,0
Z15.232,Z15,0
Z15.233,Z15,0
Z15.234,Z15,0
Z15.235,Z15,0
Z15.236,Z15,0
Z15.237,Z15,0
Z15.238,Z15,0
Z15.239,Z15,0
Z15.240,Z15,0
Z15.241,Z15,0
Z15.242,Z15,0
Z15.243,Z15,0
Z15.244,Z15,0
Z15.245,Z15,0
Z15.246,Z15,0
Z15.247,Z15,0
Z15.248,Z15,0
Z15.249,Z15,0
Z15.250,Z15,0
Z15.251,Z15,0
Z15.252,Z15,0
Z15.253,Z15,0
Z15.254,Z15,0
Z15.255,Z15,0
Z15.256,Z15,0
Z15.257,Z15,0
Z15.258,Z15,0
Z15.259,Z15,0
Z15.260,Z15,0
Z15.261,Z15,0
Z15.262,Z15,0
Z15.263,Z15,0
Z15.264,Z15,0
Z15.265,Z15,0
Z15.266,Z15,0
Z15.267,Z15,0
Z15.268,Z15,0
Z15.269,Z15,0
Z15.270,Z15,0
Z15.271,Z15,0
Z15.272,Z15,0
Z15.273,Z15,0
Z15.274,Z15,0
Z15.275,Z15,0
Z15.276,Z15,0
Z15.277,Z15,0
Z15.278,Z15,0
Z15.279,Z15,0
Z15.280,Z15,0
Z15.281,Z15,0
Z15.282,Z15,0
Z15.283,Z15,0
Z15.284,Z15,0
Z15.285,Z15,0
Z15.286,Z15,0
Z15.287,Z15,0
Z15.288,Z15,0
Z15.289,Z15,0
Z15.290,Z15,0
Z15.291,Z15,0
Z15.292,Z15,0
Z15.293,Z15,0
Z15.294,Z15,0
Z15.295,Z15,0
Z15.296,Z15,0
Z15.297,Z15,0
Z15.298,Z15,0
Z15.299,Z15,0
Z15.300,Z15,0
Z15.301,Z15,0
Z15.302,Z15,0
Z15.303,Z15,0
Z15.304,Z15,0
Z15.305,Z15,0
Z15.306,Z15,0
Z15.307,Z15,0
Z15.308,Z15,0
Z15.309,Z15,0
Z15.310,Z15,0
Z15.311,Z15,0
Z15.312,Z15,0
Z15.313,Z15,0
Z15.314,Z15,0
Z15.315,Z15,0
Z15.316,Z15,0
Z15.317,Z15,0
Z15.318,Z15,0
Z15.319,Z15,0
Z15.320,Z15,0
Z15.321,Z15,0
Z15.322,Z15,0
Z15.323,Z15,0
Z15.324,Z15,0
Z15.325,Z15,0
Z15.326,Z15,0
Z15.327,Z15,0
Z15.328,Z15,0
Z15.329,Z15,0
Z15.330,Z15,0
Z15.331,Z15,0
Z15.332,Z15,0
Z15.333,Z15,0
Z15.334,Z15,0
Z15.335,Z15,0
Z15.336,Z15,0
Z15.337,Z15,0
Z15.338,Z15,0
Z15.339,Z15,0
Z15.340,Z15,0
Z15.341,Z15,0
Z15.342,Z15,0
Z15.343,Z15,0
Z15.344,Z15,0
Z15.345,Z15,0
Z15.346,Z15,0
Z15.347,Z15,0
Z15.348,Z15,0
Z15.349,Z15,0
Z15.350,Z15,0
Z15.351,Z15,0
Z15.352,Z15,0
Z15.353,Z15,0
Z15.354,Z15,0
Z15.355,Z15,0
Z15.356,Z15,0
Z15.357,Z15,0
Z15.358,Z15,0
Z15.359,Z15,0
Z15.360,Z15,0
Z15.361,Z15,0
Z15.362,Z15,0
Z15.363,Z15,0
Z15.364,Z15,0
Z15.365,Z15,0
Z15.366,Z15,0
Z15.367,Z15,0
Z15.368,Z15,0
Z15.369,Z15,0
Z15.370,Z15,0
Z15.371,Z15,0
Z15.372,Z15,0
Z15.373,Z15,0
Z15.374,Z15,0
Z15.375,Z15,0
Z15.376,Z15,0
Z15.377,Z15,0
Z15.378,Z15,0
Z15.379,Z15,0
Z15.380,Z15,0
Z15.381,Z15,0
Z15.382,Z15,0
Z15.383,Z15,0
Z15.384,Z15,0
Z15.385,Z15,0
Z15.386,Z15,0
Z15.387,Z15,0
Z15.388,Z15,0
Z15.389,Z15,0
Z15.390,Z15,0
Z15.391,Z15,0
Z15.392,Z15,0
Z15.393,Z15,0
Z15.394,Z15,0
Z15.395,Z15,0
Z15.396,Z15,0
Z15.397,Z15,0
Z15.398,Z15,0
Z15.399,Z15,0
Z15.400,Z15,0
Z15.401,Z15,0
Z15.402,Z15,0
Z15.403,Z15,0
Z15.404,Z15,0
Z15.405,Z15,0
Z15.406,Z15,0
Z15.407,Z15,0
Z15.408,Z15,0
Z15.409,Z15,0
Z15.410,Z15,0
Z15.411,Z15,0
Z15.412,Z15,0
Z15.413,Z15,0
Z15.414,Z15,0
Z15.415,Z15,0
Z15.416,Z15,0
Z15.417,Z15,0
Z15.418,Z15,0
Z15.419,Z15,0
Z15.420,Z15,0
Z15.421,Z15,0
Z15.422,Z15,0
Z15.423,Z15,0
Z15.424,Z15,0
Z15.425,Z15,0
Z15.426,Z15,0
Z15.427,Z15,0
Z15.428,Z15,0
Z15.429,Z15,0
Z15.430,Z15,0
Z15.431,Z15,0
Z15.432,Z15,0
Z15.433,Z15,0
Z15.434,Z15,0
Z15.435,Z15,0
Z15.436,Z15,0
Z15.437,Z15,0
Z15.438,Z15,0
Z20.01,Z20,1
Z20.02,Z20,1
Z20.03,Z20,1
Z20.04,Z20,1
Z20.05,Z20,1
Z20.06,Z20,1
Z20.07,Z20,1
Z20.08,Z20,1
Z20.09,Z20,1
Z20.10,Z20,1
Z20.11,Z20,1
Z20.12,Z20,0
Z20.13,Z20,0
Z20.14,Z20,0
Z20.15,Z20,0
Z20.16,Z20,0
Z20.17,Z20,0
Z20.18,Z20,0
Z20.19,Z20,0
Z20.20,Z20,0
Z20.21,Z20,0
Z20.22,Z20,0
Z20.23,Z20,0
Z20.24,Z20,0
Z20.25,Z20,0
Z20.26,Z20,0
Z20.27,Z20,0
Z20.28,Z20,0
Z20.29,Z20,0
Z20.30,Z20,0
Z20.31,Z20,0
Z20.32,Z20,0
Z20.33,Z20,0
Z20.34,Z20,0
Z20.35,Z20,0
Z20.36,Z20,0
Z20.37,Z20,0
Z20.38,Z20,0
Z20.39,Z20,0
Z20.40,Z20,0
Z20.41,Z20,0
Z20.42,Z20,0
Z20.43,Z20,0
Z20.44,Z20,0
Z20.45,Z20,0
Z20.46,Z20,0
Z20.47,Z20,0
Z20.48,Z20,0
Z20.49,Z20,0
Z20.50,Z20,0
Z20.51,Z20,0
Z20.52,Z20,0
Z20.53,Z20,0
Z20.54,Z20,0
Z20.55,Z20,0
Z20.56,Z20,0
Z20.57,Z20,0
Z20.58,Z20,0
Z20.59,Z20,0
Z20.60,Z20,0
Z20.61,Z20,0
Z20.62,Z20,0
Z20.63,Z20,0
Z20.64,Z20,0
Z20.65,Z20,0
Z20.66,Z20,0
Z20.67,Z20,0
Z20.68,Z20,0
Z20.69,Z20,0
Z20.70,Z20,0
Z20.71,Z20,0
Z20.72,Z20,0
Z20.73,Z20,0
Z20.74,Z20,0
Z20.75,Z20,0
Z20.76,Z20,0
Z20.77,Z20,0
Z20.78,Z20,0
Z20.79,Z20,0
Z20.80,Z20,0
Z20.81,Z20,0
Z20.82,Z20,0
Z20.83,Z20,0
Z20.84,Z20,0
Z20.85,Z20,0
Z20.86,Z20,0
Z20.87,Z20,0
Z20.88,Z20,0
Z20.89,Z20,0
Z20.90,Z20,0
Z20.91,Z20,0
Z20.92,Z20,0
Z20.93,Z20,0
Z20.94,Z20,0
Z20.95,Z20,0
Z20.96,Z20,0
Z20.97,Z20,0
Z20.98,Z20,0
Z20.99,Z20,0
Z20.100,Z20,0
Z20.101,Z20,0
Z20.102,Z20,0
Z20.103,Z20,0
Z20.104,Z20,0
Z20.105,Z20,0
Z20.106,Z20,0
Z20.107,Z20,0
Z20.108,Z20,0
Z20.109,Z20,0
Z20.110,Z20,0
Z21.01,Z21,1
Z21.02,Z21,1
Z21.03,Z21,1
Z21.04,Z21,1
Z21.05,Z21,1
Z21.06,Z21,1
Z21.07,Z21,1
Z21.08,Z21,1
Z21.09,Z21,1
Z21.10,Z21,1
Z21.11,Z21,1
Z21.12,Z21,1
Z21.13,Z21,1
Z21.14,Z21,1
Z21.15,Z21,1
Z21.16,Z21,1
Z21.17,Z21,1
Z21.18,Z21,1
Z21.19,Z21,1
Z21.20,Z21,1
Z21.21,Z21,1
Z21.22,Z21,1
Z21.23,Z21,1
Z21.24,Z21,1
Z21.25,Z21,1
Z21.26,Z21,1
Z21.27,Z21,1
Z21.28,Z21,1
Z21.29,Z21,1
Z21.30,Z21,1
Z21.31,Z21,1
Z21.32,Z21,1
Z21.33,Z21,1
Z21.34,Z21,1
Z21.35,Z21,1
Z21.36,Z21,1
Z21.37,Z21,1
Z21.38,Z21,1
Z21.39,Z21,1
Z21.40,Z21,1
Z21.41,Z21,1
Z21.42,Z21,1
Z21.43,Z21,1
Z21.44,Z21,1
Z21.45,Z21,1
Z21.46,Z21,1
Z21.47,Z21,1
Z21.48,Z21,1
Z21.49,Z21,1
Z21.50,Z21,1
Z21.51,Z21,0
Z21.52,Z21,0
Z21.53,Z21,0
Z21.54,Z21,0
Z21.55,Z21,0
Z21.56,Z21,0
Z21.57,Z21,0
Z21.58,Z21,0
Z21.59,Z21,0
Z21.60,Z21,0
Z21.61,Z21,0
Z21.62,Z21,0
Z21.63,Z21,0
Z21.64,Z21,0
Z21.65,Z21,0
Z21.66,Z21,0
Z21.67,Z21,0
Z21.68,Z21,0
Z21.69,Z21,0
Z21.70,Z21,0
Z21.71,Z21,0
Z21.72,Z21,0
Z21.73,Z21,0
Z21.74,Z21,0
Z21.75,Z21,0
Z21.76,Z21,0
Z21.77,Z21,0
Z22.01,Z22,1
Z22.02,Z22,1
Z22.03,Z22,1
Z22.04,Z22,1
Z22.05,Z22,1
Z22.06,Z22,1
Z22.07,Z22,1
Z22.08,Z22,1
Z22.09,Z22,1
Z22.10,Z22,1
Z22.11,Z22,0
Z22.12,Z22,0
Z22.13,Z22,0
Z22.14,Z22,0
Z22.15,Z22,0
Z22.16,Z22,0
Z22.17,Z22,0
Z22.18,Z22,0
Z22.19,Z22,0
Z22.20,Z22,0
Z22.21,Z22,0
Z22.22,Z22,0
Z22.23,Z22,0
Z22.24,Z22,0
Z22.25,Z22,0
Z22.26,Z22,0
Z22.27,Z22,0
Z22.28,Z22,0
Z22.29,Z22,0
Z22.30,Z22,0
Z22.31,Z22,0
Z22.32,Z22,0
Z23.01,Z23,1
Z23.02,Z23,1
Z23.03,Z23,1
Z23.04,Z23,1
Z23.05,Z23,1
Z23.06,Z23,1
Z23.07,Z23,1
Z23.08,Z23,1
Z23.09,Z23,1
Z23.10,Z23,1
Z23.11,Z23,1
Z23.12,Z23,1
Z23.13,Z23,1
Z23.14,Z23,1
Z23.15,Z23,1
Z23.16,Z23,1
Z23.17,Z23,1
Z23.18,Z23,1
Z23.19,Z23,1
Z23.20,Z23,1
Z23.21,Z23,1
Z23.22,Z23,1
Z23.23,Z23,1
Z23.24,Z23,1
Z23.25,Z23,1
Z23.26,Z23,1
Z23.27,Z23,1
Z23.28,Z23,1
Z23.29,Z23,1
Z23.30,Z23,1
Z23.31,Z23,1
Z23.32,Z23,1
Z23.33,Z23,1
Z23.34,Z23,1
Z23.35,Z23,1
Z23.36,Z23,1
Z23.37,Z23,1
Z23.38,Z23,1
Z23.39,Z23,1
Z23.40,Z23,1
Z23.41,Z23,1
Z23.42,Z23,1
Z23.43,Z23,1
Z23.44,Z23,1
Z23.45,Z23,1
Z23.46,Z23,1
Z23.47,Z23,1
Z23.48,Z23,0
Z23.49,Z23,0
Z23.50,Z23,0
Z23.51,Z23,0
Z23.52,Z23,0
Z23.53,Z23,0
Z23.54,Z23,0
Z23.55,Z23,0
Z23.56,Z23,0
Z23.57,Z23,0
Z23.58,Z23,0
Z23.59,Z23,0
Z23.60,Z23,0
Z23.61,Z23,0
Z23.62,Z23,0
Z23.63,Z23,0
Z23.64,Z23,0
Z23.65,Z23,0
Z23.66,Z23,0
Z23.67,Z23,0
Z23.68,Z23,0
Z23.69,Z23,0
Z23.70,Z23,0
Z23.71,Z23,0
Z23.72,Z23,0
Z23.73,Z23,0
Z23.74,Z23,0
Z23.75,Z23,0
Z23.76,Z23,0
Z23.77,Z23,0
Z23.78,Z23,0
Z23.79,Z23,0
Z23.80,Z23,0
Z23.81,Z23,0
Z23.82,Z23,0
Z23.83,Z23,0
Z23.84,Z23,0
Z23.85,Z23,0
Z23.86,Z23,0
Z23.87,Z23,0
Z23.88,Z23,0
Z23.89,Z23,0
Z23.90,Z23,0
Z23.91,Z23,0
Z23.92,Z23,0
Z23.93,Z23,0
Z23.94,Z23,0
Z23.95,Z23,0
Z23.96,Z23,0
Z23.97,Z23,0
Z23.98,Z23,0
Z23.99,Z23,0
Z23.100,Z23,0
Z23.101,Z23,0
Z23.102,Z23,0
Z23.103,Z23,0
Z23.104,Z23,0
Z23.105,Z23,0
Z23.106,Z23,0
Z23.107,Z23,0
Z23.108,Z23,0
Z23.109,Z23,0
Z23.110,Z23,0
Z23.111,Z23,0
Z23.112,Z23,0
Z23.113,Z23,0
Z23.114,Z23,0
Z23.115,Z23,0
Z23.116,Z23,0
Z23.117,Z23,0
Z23.118,Z23,0
Z23.119,Z23,0
Z23.120,Z23,0
Z23.121,Z23,0
Z23.122,Z23,0
Z23.123,Z23,0
Z23.124,Z23,0
Z23.125,Z23,0
Z23.126,Z23,0
Z23.127,Z23,0
Z23.128,Z23,0
Z23.129,Z23,0
Z23.130,Z23,0
Z23.131,Z23,0
Z23.132,Z23,0
Z23.133,Z23,0
Z23.134,Z23,0
Z23.135,Z23,0
Z23.136,Z23,0
Z23.137,Z23,0
Z23.138,Z23,0
Z23.139,Z23,0
Z23.140,Z23,0
Z23.141,Z23,0
Z23.142,Z23,0
Z23.143,Z23,0
Z23.144,Z23,0
Z23.145,Z23,0
Z23.146,Z23,0
Z23.147,Z23,0
Z23.148,Z23,0
Z23.149,Z23,0
Z23.150,Z23,0
Z23.151,Z23,0
Z23.152,Z23,0
Z23.153,Z23,0
Z23.154,Z23,0
Z23.155,Z23,0
Z23.156,Z23,0
Z23.157,Z23,0
Z23.158,Z23,0
Z23.159,Z23,0
Z23.160,Z23,0
Z23.161,Z23,0
Z23.162,Z23,0
Z23.163,Z23,0
Z23.164,Z23,0
Z23.165,Z23,0
Z23.166,Z23,0
Z23.167,Z23,0
Z23.168,Z23,0
Z23.169,Z23,0
Z23.170,Z23,0
Z23.171,Z23,0
Z23.172,Z23,0
Z23.173,Z23,0
Z23.174,Z23,0
Z23.175,Z23,0
Z23.176,Z23,0
Z23.177,Z23,0
Z23.178,Z23,0
Z23.179,Z23,0
Z23.180,Z23,0
Z23.181,Z23,0
Z23.182,Z23,0
Z23.183,Z23,0
Z23.184,Z23,0
Z23.185,Z23,0
Z23.186,Z23,0
Z23.187,Z23,0
Z23.188,Z23,0
Z23.189,Z23,0
Z23.190,Z23,0
Z23.191,Z23,0
Z23.192,Z23,0
Z24.01,Z24,1
Z24.02,Z24,1
Z24.03,Z24,1
Z24.04,Z24,1
Z24.05,Z24,1
Z24.06,Z24,1
Z24.07,Z24,1
Z24.08,Z24,1
Z24.09,Z24,1
Z24.10,Z24,1
Z24.11,Z24,1
Z24.12,Z24,1
Z24.13,Z24,1
Z24.14,Z24,1
Z24.15,Z24,1
Z24.16,Z24,1
Z24.17,Z24,1
Z24.18,Z24,1
Z24.19,Z24,1
Z24.20,Z24,1
Z24.21,Z24,1
Z24.22,Z24,1
Z24.23,Z24,1
Z24.24,Z24,1
Z24.25,Z24,1
Z24.26,Z24,1
Z24.27,Z24,1
Z24.28,Z24,1
Z24.29,Z24,1
Z24.30,Z24,1
Z24.31,Z24,1
Z24.32,Z24,1
Z24.33,Z24,1
Z24.34,Z24,0
Z24.35,Z24,0
Z24.36,Z24,0
Z24.37,Z24,0
Z24.38,Z24,0
Z24.39,Z24,0
Z24.40,Z24,0
Z24.41,Z24,0
Z24.42,Z24,0
Z24.43,Z24,0
Z24.44,Z24,0
Z24.45,Z24,0
Z24.46,Z24,0
Z24.47,Z24,0
Z24.48,Z24,0
Z24.49,Z24,0
Z24.50,Z24,0
Z24.51,Z24,0
Z24.52,Z24,0
Z24.53,Z24,0
Z24.54,Z24,0
Z24.55,Z24,0
Z24.56,Z24,0
Z24.57,Z24,0
Z24.58,Z24,0
Z24.59,Z24,0
Z24.60,Z24,0
Z24.61,Z24,0
Z24.62,Z24,0
Z24.63,Z24,0
Z24.64,Z24,0
Z24.65,Z24,0
Z24.66,Z24,0
Z24.67,Z24,0
Z24.68,Z24,0
Z24.69,Z24,0
Z24.70,Z24,0
Z24.71,Z24,0
Z25.01,Z25,1
Z25.02,Z25,1
Z25.03,Z25,1
Z25.04,Z25,1
Z25.05,Z25,1
Z25.06,Z25,1
Z25.07,Z25,1
Z25.08,Z25,1
Z25.09,Z25,1
Z25.10,Z25,1
Z25.11,Z25,1
Z25.12,Z25,1
Z25.13,Z25,1
Z25.14,Z25,1
Z25.15,Z25,1
Z25.16,Z25,1
Z25.17,Z25,1
Z25.18,Z25,1
Z25.19,Z25,1
Z25.20,Z25,1
Z25.21,Z25,1
Z25.22,Z25,1
Z25.23,Z25,1
Z25.24,Z25,1
Z25.25,Z25,1
Z25.26,Z25,1
Z25.27,Z25,1
Z25.28,Z25,1
Z25.29,Z25,1
Z25.30,Z25,1
Z25.31,Z25,1
Z25.32,Z25,1
Z25.33,Z25,1
Z25.34,Z25,1
Z25.35,Z25,1
Z25.36,Z25,1
Z25.37,Z25,1
Z25.38,Z25,1
Z25.39,Z25,1
Z25.40,Z25,1
Z25.41,Z25,1
Z25.42,Z25,1
Z25.43,Z25,1
Z25.44,Z25,1
Z25.45,Z25,1
Z25.46,Z25,1
Z25.47,Z25,1
Z25.48,Z25,1
Z25.49,Z25,1
Z25.50,Z25,1
Z25.51,Z25,1
Z25.52,Z25,1
Z25.53,Z25,1
Z25.54,Z25,1
Z25.55,Z25,1
Z25.56,Z25,1
Z25.57,Z25,1
Z25.58,Z25,1
Z25.59,Z25,0
Z25.60,Z25,0
Z25.61,Z25,0
Z25.62,Z25,0
Z25.63,Z25,0
Z25.64,Z25,0
Z25.65,Z25,0
Z25.66,Z25,0
Z25.67,Z25,0
Z25.68,Z25,0
Z25.69,Z25,0
Z25.70,Z25,0
Z25.71,Z25,0
Z25.72,Z25,0
Z25.73,Z25,0
Z25.74,Z25,0
Z25.75,Z25,0
Z25.76,Z25,0
Z25.77,Z25,0
Z25.78,Z25,0
Z25.79,Z25,0
Z25.80,Z25,0
Z25.81,Z25,0
Z25.82,Z25,0
Z25.83,Z25,0
Z25.84,Z25,0
Z25.85,Z25,0
Z25.86,Z25,0
Z25.87,Z25,0
Z25.88,Z25,0
Z25.89,Z25,0
Z25.90,Z25,0
Z25.91,Z25,0
Z25.92,Z25,0
Z25.93,Z25,0
Z25.94,Z25,0
Z25.95,Z25,0
Z25.96,Z25,0
Z25.97,Z25,0
Z25.98,Z25,0
Z25.99,Z25,0
Z25.100,Z25,0
Z25.101,Z25,0
Z25.102,Z25,0
Z25.103,Z25,0
Z25.104,Z25,0
Z25.105,Z25,0
Z25.106,Z25,0
Z25.107,Z25,0
Z25.108,Z25,0
Z25.109,Z25,0
Z25.110,Z25,0
Z25.111,Z25,0
Z25.112,Z25,0
Z25.113,Z25,0
Z25.114,Z25,0
Z25.115,Z25,0
Z25.116,Z25,0
Z25.117,Z25,0
Z25.118,Z25,0
Z25.119,Z25,0
Z25.120,Z25,0
Z25.121,Z25,0
Z25.122,Z25,0
Z25.123,Z25,0
Z26.01,Z26,1
Z26.02,Z26,1
Z26.03,Z26,1
Z26.04,Z26,1
Z26.05,Z26,1
Z26.06,Z26,1
Z26.07,Z26,1
Z26.08,Z26,1
Z26.09,Z26,1
Z26.10,Z26,1
Z26.11,Z26,1
Z26.12,Z26,1
Z26.13,Z26,1
Z26.14,Z26,1
Z26.15,Z26,1
Z26.16,Z26,1
Z26.17,Z26,1
Z26.18,Z26,1
Z26.19,Z26,1
Z26.20,Z26,1
Z26.21,Z26,1
Z26.22,Z26,1
Z26.23,Z26,1
Z26.24,Z26,1
Z26.25,Z26,1
Z26.26,Z26,1
Z26.27,Z26,1
Z26.28,Z26,1
Z26.29,Z26,1
Z26.30,Z26,1
Z26.31,Z26,1
Z26.32,Z26,1
Z26.33,Z26,1
Z26.34,Z26,1
Z26.35,Z26,1
Z26.36,Z26,1
Z26.37,Z26,1
Z26.38,Z26,1
Z26.39,Z26,1
Z26.40,Z26,1
Z26.41,Z26,1
Z26.42,Z26,1
Z26.43,Z26,1
Z26.44,Z26,1
Z26.45,Z26,1
Z26.46,Z26,1
Z26.47,Z26,1
Z26.48,Z26,1
Z26.49,Z26,1
Z26.50,Z26,1
Z26.51,Z26,1
Z26.52,Z26,1
Z26.53,Z26,1
Z26.54,Z26,1
Z26.55,Z26,1
Z26.56,Z26,1
Z26.57,Z26,1
Z26.58,Z26,1
Z26.59,Z26,1
Z26.60,Z26,1
Z26.61,Z26,1
Z26.62,Z26,1
Z26.63,Z26,1
Z26.64,Z26,1
Z26.65,Z26,1
Z26.66,Z26,1
Z26.67,Z26,1
Z26.68,Z26,1
Z26.69,Z26,1
Z26.70,Z26,1
Z26.71,Z26,1
Z26.72,Z26,1
Z26.73,Z26,1
Z26.74,Z26,1
Z26.75,Z26,1
Z26.76,Z26,1
Z26.77,Z26,1
Z26.78,Z26,1
Z26.79,Z26,1
Z26.80,Z26,1
Z26.81,Z26,1
Z26.82,Z26,1
Z26.83,Z26,1
Z26.84,Z26,1
Z26.85,Z26,1
Z26.86,Z26,1
Z26.87,Z26,1
Z26.88,Z26,1
Z26.89,Z26,1
Z26.90,Z26,1
Z26.91,Z26,1
Z26.92,Z26,1
Z26.93,Z26,1
Z26.94,Z26,1
Z26.95,Z26,1
Z26.96,Z26,1
Z26.97,Z26,1
Z26.98,Z26,1
Z26.99,Z26,1
Z26.100,Z26,1
Z26.101,Z26,1
Z26.102,Z26,1
Z26.103,Z26,1
Z26.104,Z26,1
Z26.105,Z26,1
Z26.106,Z26,1
Z26.107,Z26,1
Z26.108,Z26,1
Z26.109,Z26,1
Z26.110,Z26,1
Z26.111,Z26,1
Z26.112,Z26,1
Z26.113,Z26,1
Z26.114,Z26,1
Z26.115,Z26,1
Z26.116,Z26,1
Z26.117,Z26,1
Z26.118,Z26,1
Z26.119,Z26,1
Z26.120,Z26,1
Z26.121,Z26,1
Z26.122,Z26,1
Z26.123,Z26,1
Z26.124,Z26,1
Z26.125,Z26,1
Z26.126,Z26,1
Z26.127,Z26,1
Z26.128,Z26,1
Z26.129,Z26,1
Z26.130,Z26,1
Z26.131,Z26,1
Z26.132,Z26,1
Z26.133,Z26,1
Z26.134,Z26,1
Z26.135,Z26,1
Z26.136,Z26,1
Z26.137,Z26,1
Z26.138,Z26,1
Z26.139,Z26,1
Z26.140,Z26,1
Z26.141,Z26,1
Z26.142,Z26,1
Z26.143,Z26,1
Z26.144,Z26,1
Z26.145,Z26,1
Z26.146,Z26,1
Z26.147,Z26,1
Z26.148,Z26,1
Z26.149,Z26,1
Z26.150,Z26,1
Z26.151,Z26,1
Z26.152,Z26,1
Z26.153,Z26,1
Z26.154,Z26,1
Z26.155,Z26,1
Z26.156,Z26,1
Z26.157,Z26,1
Z26.158,Z26,1
Z26.159,Z26,1
Z26.160,Z26,1
Z26.161,Z26,1
Z26.162,Z26,1
Z26.163,Z26,1
Z26.164,Z26,1
Z26.165,Z26,1
Z26.166,Z26,1
Z26.167,Z26,1
Z26.168,Z26,1
Z26.169,Z26,1
Z26.170,Z26,1
Z26.171,Z26,1
Z26.172,Z26,1
Z26.173,Z26,1
Z26.174,Z26,1
Z26.175,Z26,1
Z26.176,Z26,1
Z26.177,Z26,1
Z26.178,Z26,1
Z26.179,Z26,1
Z26.180,Z26,1
Z26.181,Z26,1
Z26.182,Z26,1
Z26.183,Z26,1
Z26.184,Z26,1
Z26.185,Z26,1
Z26.186,Z26,1
Z26.187,Z26,1
Z26.188,Z26,1
Z26.189,Z26,1
Z26.190,Z26,1
Z26.191,Z26,1
Z26.192,Z26,1
Z26.193,Z26,1
Z26.194,Z26,1
Z26.195,Z26,1
Z26.196,Z26,1
Z26.197,Z26,1
Z26.198,Z26,1
Z26.199,Z26,1
Z26.200,Z26,1
Z26.201,Z26,1
Z26.202,Z26,1
Z26.203,Z26,1
Z26.204,Z26,1
Z26.205,Z26,1
Z26.206,Z26,1
Z26.207,Z26,1
Z26.208,Z26,1
Z26.209,Z26,1
Z26.210,Z26,1
Z26.211,Z26,1
Z26.212,Z26,1
Z26.213,Z26,1
Z26.214,Z26,1
Z26.215,Z26,1
Z26.216,Z26,0
Z26.217,Z26,0
Z26.218,Z26,0
Z26.219,Z26,0
Z26.220,Z26,0
Z26.221,Z26,0
Z26.222,Z26,0
Z26.223,Z26,0
Z26.224,Z26,0
Z26.225,Z26,0
Z26.226,Z26,0
Z26.227,Z26,0
Z26.228,Z26,0
Z26.229,Z26,0
Z26.230,Z26,0
Z26.231,Z26,0
Z26.232,Z26,0
Z26.233,Z26,0
Z26.234,Z26,0
Z26.235,Z26,0
Z26.236,Z26,0
Z26.237,Z26,0
Z26.238,Z26,0
Z26.239,Z26,0
Z26.240,Z26,0
Z26.241,Z26,0
Z26.242,Z26,0
Z26.243,Z26,0
Z26.244,Z26,0
Z26.245,Z26,0
Z26.246,Z26,0
Z26.247,Z26,0
Z26.248,Z26,0
Z26.249,Z26,0
Z26.250,Z26,0
Z26.251,Z26,0
Z26.252,Z26,0
Z26.253,Z26,0
Z26.254,Z26,0
Z26.255,Z26,0
Z26.256,Z26,0
Z26.257,Z26,0
Z26.258,Z26,0
Z26.259,Z26,0
Z26.260,Z26,0
Z26.261,Z26,0
Z26.262,Z26,0
Z26.263,Z26,0
Z26.264,Z26,0
Z26.265,Z26,0
Z26.266,Z26,0
Z26.267,Z26,0
Z26.268,Z26,0
Z26.269,Z26,0
Z26.270,Z26,0
Z26.271,Z26,0
Z26.272,Z26,0
Z26.273,Z26,0
Z26.274,Z26,0
Z26.275,Z26,0
Z26.276,Z26,0
Z26.277,Z26,0
Z26.278,Z26,0
Z26.279,Z26,0
Z26.280,Z26,0
Z26.281,Z26,0
Z26.282,Z26,0
Z26.283,Z26,0
Z26.284,Z26,0
Z26.285,Z26,0
Z26.286,Z26,0
Z26.287,Z26,0
Z26.288,Z26,0
Z26.289,Z26,0
Z26.290,Z26,0
Z26.291,Z26,0
Z26.292,Z26,0
Z26.293,Z26,0
Z26.294,Z26,0
Z26.295,Z26,0
Z26.296,Z26,0
Z26.297,Z26,0
Z26.298,Z26,0
Z26.299,Z26,0
Z26.300,Z26,0
Z26.301,Z26,0
Z26.302,Z26,0
Z26.303,Z26,0
Z26.304,Z26,0
Z26.305,Z26,0
Z26.306,Z26,0
Z26.307,Z26,0
Z26.308,Z26,0
Z26.309,Z26,0
Z26.310,Z26,0
Z26.311,Z26,0
Z26.312,Z26,0
Z26.313,Z26,0
Z26.314,Z26,0
Z26.315,Z26,0
Z26.316,Z26,0
Z26.317,Z26,0
Z26.318,Z26,0
Z26.319,Z26,0
Z26.320,Z26,0
Z26.321,Z26,0
Z26.322,Z26,0
Z26.323,Z26,0
Z26.324,Z26,0
Z26.325,Z26,0
Z26.326,Z26,0
Z26.327,Z26,0
Z26.328,Z26,0
Z26.329,Z26,0
Z26.330,Z26,0
Z26.331,Z26,0
Z26.332,Z26,0
Z26.333,Z26,0
Z26.334,Z26,0
Z26.335,Z26,0
Z26.336,Z26,0
Z26.337,Z26,0
Z26.338,Z26,0
Z26.339,Z26,0
Z26.340,Z26,0
Z26.341,Z26,0
Z26.342,Z26,0
Z26.343,Z26,0
Z26.344,Z26,0
Z26.345,Z26,0
Z26.346,Z26,0
Z26.347,Z26,0
Z26.348,Z26,0
Z26.349,Z26,0
Z26.350,Z26,0
Z26.351,Z26,0
Z26.352,Z26,0
Z26.353,Z26,0
Z26.354,Z26,0
Z26.355,Z26,0
Z26.356,Z26,0
Z26.357,Z26,0
Z26.358,Z26,0
Z26.359,Z26,0
Z26.360,Z26,0
Z26.361,Z26,0
Z26.362,Z26,0
Z26.363,Z26,0
Z26.364,Z26,0
Z26.365,Z26,0
Z26.366,Z26,0
Z26.367,Z26,0
Z26.368,Z26,0
Z26.369,Z26,0
Z26.370,Z26,0
Z26.371,Z26,0
Z26.372,Z26,0
Z26.373,Z26,0
Z26.374,Z26,0
Z26.375,Z26,0
Z26.376,Z26,0
Z26.377,Z26,0
Z26.378,Z26,0
Z26.379,Z26,0
Z26.380,Z26,0
Z26.381,Z26,0
Z26.382,Z26,0
Z26.383,Z26,0
Z26.384,Z26,0
Z26.385,Z26,0
Z26.386,Z26,0
Z26.387,Z26,0
Z26.388,Z26,0
Z26.389,Z26,0
Z26.390,Z26,0
Z26.391,Z26,0
Z26.392,Z26,0
Z26.393,Z26,0
Z26.394,Z26,0
Z26.395,Z26,0
Z26.396,Z26,0
Z26.397,Z26,0
Z26.398,Z26,0
Z26.399,Z26,0
Z26.400,Z26,0
Z26.401,Z26,0
Z26.402,Z26,0
Z26.403,Z26,0
Z26.404,Z26,0
Z26.405,Z26,0
Z26.406,Z26,0
Z26.407,Z26,0
Z26.408,Z26,0
Z26.409,Z26,0
Z26.410,Z26,0
Z26.411,Z26,0
Z26.412,Z26,0
Z26.413,Z26,0
Z26.414,Z26,0
Z26.415,Z26,0
Z26.416,Z26,0
Z26.417,Z26,0
Z26.418,Z26,0
Z26.419,Z26,0
Z26.420,Z26,0
Z26.421,Z26,0
Z26.422,Z26,0
Z26.423,Z26,0
Z26.424,Z26,0
Z26.425,Z26,0
Z26.426,Z26,0
Z26.427,Z26,0
Z26.428,Z26,0
Z26.429,Z26,0
Z26.430,Z26,0
Z26.431,Z26,0
Z26.432,Z26,0
Z26.433,Z26,0
Z26.434,Z26,0
Z26.435,Z26,0
Z26.436,Z26,0
Z26.437,Z26,0
Z26.438,Z26,0
Z26.439,Z26,0
Z26.440,Z26,0
Z26.441,Z26,0
Z26.442,Z26,0
Z26.443,Z26,0
Z26.444,Z26,0
Z26.445,Z26,0
Z26.446,Z26,0
Z26.447,Z26,0
Z26.448,Z26,0
Z26.449,Z26,0
Z26.450,Z26,0
Z26.451,Z26,0
Z26.452,Z26,0
Z26.453,Z26,0
Z26.454,Z26,0
Z26.455,Z26,0
Z26.456,Z26,0
Z26.457,Z26,0
Z26.458,Z26,0
Z26.459,Z26,0
Z26.460,Z26,0
Z26.461,Z26,0
Z26.462,Z26,0
Z26.463,Z26,0
Z26.464,Z26,0
Z26.465,Z26,0
Z26.466,Z26,0
Z26.467,Z26,0
Z26.468,Z26,0
Z26.469,Z26,0
Z26.470,Z26,0
Z26.471,Z26,0
Z26.472,Z26,0
Z26.473,Z26,0
Z26.474,Z26,0
Z26.475,Z26,0
Z26.476,Z26,0
Z26.477,Z26,0
Z26.478,Z26,0
Z26.479,Z26,0
Z26.480,Z26,0
Z26.481,Z26,0
Z26.482,Z26,0
Z26.483,Z26,0
Z26.484,Z26,0
Z26.485,Z26,0
Z26.486,Z26,0
Z26.487,Z26,0
Z26.488,Z26,0
Z26.489,Z26,0
Z26.490,Z26,0
Z26.491,Z26,0
Z26.492,Z26,0
Z26.493,Z26,0
Z26.494,Z26,0
Z26.495,Z26,0
Z26.496,Z26,0
Z26.497,Z26,0
Z26.498,Z26,0
Z26.499,Z26,0
Z26.500,Z26,0
Z26.501,Z26,0
Z26.502,Z26,0
Z26.503,Z26,0
Z26.504,Z26,0
Z26.505,Z26,0
Z26.506,Z26,0
Z26.507,Z26,0
Z26.508,Z26,0
Z26.509,Z26,0
Z26.510,Z26,0
Z26.511,Z26,0
Z26.512,Z26,0
Z26.513,Z26,0
Z26.514,Z26,0
Z26.515,Z26,0
Z26.516,Z26,0
Z26.517,Z26,0
Z26.518,Z26,0
Z26.519,Z26,0
Z26.520,Z26,0
Z26.521,Z26,0
Z26.522,Z26,0
Z26.523,Z26,0
Z26.524,Z26,0
Z26.525,Z26,0
Z26.526,Z26,0
Z26.527,Z26,0
Z26.528,Z26,0
Z26.529,Z26,0
Z26.530,Z26,0
Z26.531,Z26,0
Z26.532,Z26,0
Z26.533,Z26,0
Z26.534,Z26,0
Z26.535,Z26,0
Z26.536,Z26,0
Z26.537,Z26,0
Z26.538,Z26,0
Z26.539,Z26,0
Z26.540,Z26,0
Z26.541,Z26,0
Z26.542,Z26,0
Z26.543,Z26,0
Z26.544,Z26,0
Z26.545,Z26,0
Z26.546,Z26,0
Z26.547,Z26,0
Z26.548,Z26,0
Z26.549,Z26,0
Z26.550,Z26,0
Z26.551,Z26,0
Z26.552,Z26,0
Z26.553,Z26,0
Z26.554,Z26,0
Z26.555,Z26,0
Z26.556,Z26,0
Z26.557,Z26,0
Z26.558,Z26,0
Z26.559,Z26,0
Z26.560,Z26,0
Z26.561,Z26,0
Z26.562,Z26,0
Z26.563,Z26,0
Z26.564,Z26,0
Z26.565,Z26,0
Z26.566,Z26,0
Z26.567,Z26,0
Z26.568,Z26,0
Z26.569,Z26,0
Z26.570,Z26,0
Z26.571,Z26,0
Z26.572,Z26,0
Z26.573,Z26,0
Z26.574,Z26,0
Z26.575,Z26,0
Z26.576,Z26,0
Z26.577,Z26,0
Z26.578,Z26,0
Z26.579,Z26,0
Z26.580,Z26,0
Z26.581,Z26,0
Z26.582,Z26,0
Z26.583,Z26,0
Z26.584,Z26,0
Z26.585,Z26,0
Z26.586,Z26,0
Z26.587,Z26,0
Z26.588,Z26,0
Z26.589,Z26,0
Z26.590,Z26,0
Z26.591,Z26,0
Z26.592,Z26,0
Z26.593,Z26,0
Z26.594,Z26,0
Z26.595,Z26,0
Z26.596,Z26,0
Z26.597,Z26,0
Z26.598,Z26,0
Z26.599,Z26,0
Z26.600,Z26,0
Z26.601,Z26,0
Z26.602,Z26,0
Z26.603,Z26,0
Z26.604,Z26,0
Z26.605,Z26,0
Z26.606,Z26,0
Z26.607,Z26,0
Z26.608,Z26,0
Z26.609,Z26,0
Z26.610,Z26,0
Z26.611,Z26,0
Z26.612,Z26,0
Z26.613,Z26,0
Z26.614,Z26,0
Z26.615,Z26,0
Z26.616,Z26,0
Z26.617,Z26,0
Z26.618,Z26,0
Z26.619,Z26,0
Z26.620,Z26,0
Z26.621,Z26,0
Z26.622,Z26,0
Z26.623,Z26,0
Z26.624,Z26,0
Z26.625,Z26,0
Z26.626,Z26,0
Z26.627,Z26,0
Z26.628,Z26,0
Z26.629,Z26,0
Z26.630,Z26,0
Z26.631,Z26,0
Z26.632,Z26,0
Z26.633,Z26,0
Z27.01,Z27,1
Z27.02,Z27,1
Z27.03,Z27,1
Z27.04,Z27,1
Z27.05,Z27,1
Z27.06,Z27,1
Z27.07,Z27,1
Z27.08,Z27,1
Z27.09,Z27,1
Z27.10,Z27,1
Z27.11,Z27,0
Z27.12,Z27,0
Z27.13,Z27,0
Z27.14,Z27,0
Z27.15,Z27,0
Z27.16,Z27,0
Z27.17,Z27,0
Z27.18,Z27,0
Z27.19,Z27,0
Z27.20,Z27,0
Z27.21,Z27,0
Z27.22,Z27,0
Z27.23,Z27,0
Z27.24,Z27,0
Z27.25,Z27,0
Z27.26,Z27,0
Z27.27,Z27,0
Z27.28,Z27,0
Z27.29,Z27,0
Z27.30,Z27,0
Z27.31,Z27,0
Z27.32,Z27,0
Z27.33,Z27,0
Z27.34,Z27,0
Z27.35,Z27,0
Z27.36,Z27,0
Z27.37,Z27,0
Z27.38,Z27,0
Z27.39,Z27,0
Z27.40,Z27,0
Z28.01,Z28,1
Z28.02,Z28,1
Z28.03,Z28,1
Z28.04,Z28,1
Z28.05,Z28,1
Z28.06,Z28,1
Z28.07,Z28,1
Z28.08,Z28,1
Z28.09,Z28,1
Z28.10,Z28,1
Z28.11,Z28,1
Z28.12,Z28,1
Z28.13,Z28,1
Z28.14,Z28,1
Z28.15,Z28,1
Z28.16,Z28,1
Z28.17,Z28,1
Z28.18,Z28,1
Z28.19,Z28,1
Z28.20,Z28,1
Z28.21,Z28,1
Z28.22,Z28,1
Z28.23,Z28,1
Z28.24,Z28,1
Z28.25,Z28,1
Z28.26,Z28,1
Z28.27,Z28,1
Z28.28,Z28,1
Z28.29,Z28,1
Z28.30,Z28,1
Z28.31,Z28,1
Z28.32,Z28,1
Z28.33,Z28,1
Z28.34,Z28,1
Z28.35,Z28,1
Z28.36,Z28,1
Z28.37,Z28,1
Z28.38,Z28,1
Z28.39,Z28,1
Z28.40,Z28,1
Z28.41,Z28,1
Z28.42,Z28,1
Z28.43,Z28,1
Z28.44,Z28,1
Z28.45,Z28,1
Z28.46,Z28,1
Z28.47,Z28,1
Z28.48,Z28,1
Z28.49,Z28,1
Z28.50,Z28,1
Z28.51,Z28,0
Z28.52,Z28,0
Z28.53,Z28,0
Z28.54,Z28,0
Z28.55,Z28,0
Z28.56,Z28,0
Z28.57,Z28,0
Z28.58,Z28,0
Z28.59,Z28,0
Z28.60,Z28,0
Z28.61,Z28,0
Z28.62,Z28,0
Z28.63,Z28,0
Z28.64,Z28,0
Z28.65,Z28,0
Z28.66,Z28,0
Z28.67,Z28,0
Z28.68,Z28,0
Z28.69,Z28,0
Z28.70,Z28,0
Z28.71,Z28,0
Z28.72,Z28,0
Z28.73,Z28,0
Z28.74,Z28,0
Z28.75,Z28,0
Z28.76,Z28,0
Z28.77,Z28,0
Z28.78,Z28,0
Z28.79,Z28,0
Z28.80,Z28,0
Z28.81,Z28,0
Z28.82,Z28,0
Z28.83,Z28,0
Z28.84,Z28,0
Z28.85,Z28,0
Z28.86,Z28,0
Z28.87,Z28,0
Z28.88,Z28,0
Z28.89,Z28,0
Z28.90,Z28,0
Z28.91,Z28,0
Z28.92,Z28,0
Z28.93,Z28,0
Z28.94,Z28,0
Z28.95,Z28,0
Z28.96,Z28,0
Z28.97,Z28,0
Z28.98,Z28,0
Z28.99,Z28,0
Z28.100,Z28,0
Z28.101,Z28,0
Z28.102,Z28,0
Z28.103,Z28,0
Z28.104,Z28,0
Z28.105,Z28,0
Z28.106,Z28,0
Z28.107,Z28,0
Z28.108,Z28,0
Z28.109,Z28,0
Z28.110,Z28,0
Z28.111,Z28,0
Z28.112,Z28,0
Z28.113,Z28,0
Z28.114,Z28,0
Z28.115,Z28,0
Z28.116,Z28,0
Z28.117,Z28,0
Z28.118,Z28,0
Z28.119,Z28,0
Z28.120,Z28,0
Z28.121,Z28,0
Z28.122,Z28,0
Z28.123,Z28,0
Z28.124,Z28,0
Z28.125,Z28,0
Z28.126,Z28,0
Z28.127,Z28,0
Z28.128,Z28,0
Z28.129,Z28,0
Z28.130,Z28,0
Z28.131,Z28,0
Z28.132,Z28,0
Z28.133,Z28,0
Z28.134,Z28,0
Z28.135,Z28,0
Z28.136,Z28,0
Z28.137,Z28,0
Z28.138,Z28,0
Z28.139,Z28,0
Z28.140,Z28,0
Z28.141,Z28,0
Z28.142,Z28,0
Z28.143,Z28,0
Z28.144,Z28,0
Z28.145,Z28,0
Z28.146,Z28,0
Z28.147,Z28,0
Z28.148,Z28,0
Z28.149,Z28,0
Z28.150,Z28,0
Z28.151,Z28,0
Z28.152,Z28,0
Z28.153,Z28,0
Z28.154,Z28,0
Z28.155,Z28,0
Z28.156,Z28,0
Z28.157,Z28,0
Z28.158,Z28,0
Z28.159,Z28,0
Z28.160,Z28,0
Z28.161,Z28,0
Z28.162,Z28,0
Z28.163,Z28,0
Z28.164,Z28,0
Z28.165,Z28,0
Z28.166,Z28,0
Z28.167,Z28,0
Z28.168,Z28,0
Z28.169,Z28,0
Z28.170,Z28,0
Z28.171,Z28,0
Z28.172,Z28,0
Z28.173,Z28,0
Z28.174,Z28,0
Z28.175,Z28,0
Z28.176,Z28,0
Z28.177,Z28,0
Z28.178,Z28,0
Z28.179,Z28,0
Z28.180,Z28,0
Z28.181,Z28,0
Z28.182,Z28,0
Z28.183,Z28,0
Z28.184,Z28,0
Z28.185,Z28,0
Z28.186,Z28,0
Z28.187,Z28,0
Z28.188,Z28,0
Z28.189,Z28,0
Z28.190,Z28,0
Z28.191,Z28,0
Z28.192,Z28,0
Z28.193,Z28,0
Z28.194,Z28,0
Z29.01,Z29,1
Z29.02,Z29,1
Z29.03,Z29,1
Z29.04,Z29,1
Z29.05,Z29,1
Z29.06,Z29,1
Z29.07,Z29,1
Z29.08,Z29,1
Z29.09,Z29,1
Z29.10,Z29,1
Z29.11,Z29,1
Z29.12,Z29,1
Z29.13,Z29,0
Z29.14,Z29,0
Z29.15,Z29,0
Z29.16,Z29,0
Z29.17,Z29,0
Z29.18,Z29,0
Z29.19,Z29,0
Z29.20,Z29,0
Z29.21,Z29,0
Z29.22,Z29,0
Z29.23,Z29,0
Z29.24,Z29,0
Z29.25,Z29,0
Z29.26,Z29,0
Z29.27,Z29,0
Z29.28,Z29,0
Z29.29,Z29,0
Z29.30,Z29,0
Z29.31,Z29,0
Z29.32,Z29,0
Z29.33,Z29,0
Z29.34,Z29,0
Z29.35,Z29,0
Z30.01,Z30,1
Z30.02,Z30,1
Z30.03,Z30,1
Z30.04,Z30,1
Z30.05,Z30,1
Z30.06,Z30,1
Z30.07,Z30,1
Z30.08,Z30,1
Z30.09,Z30,1
Z30.10,Z30,1
Z30.11,Z30,1
Z30.12,Z30,1
Z30.13,Z30,1
Z30.14,Z30,1
Z30.15,Z30,1
Z30.16,Z30,1
Z30.17,Z30,1
Z30.18,Z30,1
Z30.19,Z30,1
Z30.20,Z30,1
Z30.21,Z30,1
Z30.22,Z30,1
Z30.23,Z30,1
Z30.24,Z30,1
Z30.25,Z30,0
Z30.26,Z30,0
Z30.27,Z30,0
Z30.28,Z30,0
Z30.29,Z30,0
Z30.30,Z30,0
Z30.31,Z30,0
Z30.32,Z30,0
Z30.33,Z30,0
Z30.34,Z30,0
Z30.35,Z30,0
Z30.36,Z30,0
Z30.37,Z30,0
Z30.38,Z30,0
Z30.39,Z30,0
Z30.40,Z30,0
Z30.41,Z30,0
Z30.42,Z30,0
Z30.43,Z30,0
Z30.44,Z30,0
Z30.45,Z30,0
Z30.46,Z30,0
Z30.47,Z30,0
Z31.01,Z31,1
Z31.02,Z31,1
Z31.03,Z31,1
Z31.04,Z31,1
Z31.05,Z31,1
Z31.06,Z31,1
Z31.07,Z31,1
Z31.08,Z31,1
Z31.09,Z31,1
Z31.10,Z31,1
Z31.11,Z31,1
Z31.12,Z31,1
Z31.13,Z31,1
Z31.14,Z31,1
Z31.15,Z31,1
Z31.16,Z31,1
Z31.17,Z31,1
Z31.18,Z31,1
Z31.19,Z31,1
Z31.20,Z31,1
Z31.21,Z31,1
Z31.22,Z31,1
Z31.23,Z31,1
Z31.24,Z31,1
Z31.25,Z31,1
Z31.26,Z31,1
Z31.27,Z31,1
Z31.28,Z31,1
Z31.29,Z31,1
Z31.30,Z31,1
Z31.31,Z31,1
Z31.32,Z31,1
Z31.33,Z31,1
Z31.34,Z31,1
Z31.35,Z31,1
Z31.36,Z31,1
Z31.37,Z31,1
Z31.38,Z31,1
Z31.39,Z31,1
Z31.40,Z31,1
Z31.41,Z31,1
Z31.42,Z31,1
Z31.43,Z31,1
Z31.44,Z31,1
Z31.45,Z31,1
Z31.46,Z31,1
Z31.47,Z31,1
Z31.48,Z31,1
Z31.49,Z31,1
Z31.50,Z31,1
Z31.51,Z31,1
Z31.52,Z31,1
Z31.53,Z31,1
Z31.54,Z31,1
Z31.55,Z31,1
Z31.56,Z31,1
Z31.57,Z31,1
Z31.58,Z31,1
Z31.59,Z31,1
Z31.60,Z31,1
Z31.61,Z31,1
Z31.62,Z31,1
Z31.63,Z31,1
Z31.64,Z31,1
Z31.65,Z31,1
Z31.66,Z31,1
Z31.67,Z31,1
Z31.68,Z31,1
Z31.69,Z31,1
Z31.70,Z31,1
Z31.71,Z31,1
Z31.72,Z31,1
Z31.73,Z31,1
Z31.74,Z31,1
Z31.75,Z31,1
Z31.76,Z31,1
Z31.77,Z31,1
Z31.78,Z31,0
Z31.79,Z31,0
Z31.80,Z31,0
Z31.81,Z31,0
Z31.82,Z31,0
Z31.83,Z31,0
Z31.84,Z31,0
Z31.85,Z31,0
Z31.86,Z31,0
Z31.87,Z31,0
Z31.88,Z31,0
Z31.89,Z31,0
Z31.90,Z31,0
Z31.91,Z31,0
Z31.92,Z31,0
Z31.93,Z31,0
Z31.94,Z31,0
Z31.95,Z31,0
Z31.96,Z31,0
Z31.97,Z31,0
Z31.98,Z31,0
Z32.01,Z32,1
Z32.02,Z32,1
Z32.03,Z32,1
Z32.04,Z32,1
Z32.05,Z32,1
Z32.06,Z32,1
Z32.07,Z32,1
Z32.08,Z32,1
Z32.09,Z32,1
Z32.10,Z32,1
Z32.11,Z32,1
Z32.12,Z32,1
Z32.13,Z32,1
Z32.14,Z32,1
Z32.15,Z32,1
Z32.16,Z32,1
Z32.17,Z32,1
Z32.18,Z32,1
Z32.19,Z32,1
Z32.20,Z32,1
Z32.21,Z32,1
Z32.22,Z32,1
Z32.23,Z32,1
Z32.24,Z32,1
Z32.25,Z32,1
Z32.26,Z32,1
Z32.27,Z32,1
Z32.28,Z32,1
Z32.29,Z32,1
Z32.30,Z32,1
Z32.31,Z32,1
Z32.32,Z32,1
Z32.33,Z32,1
Z32.34,Z32,1
Z32.35,Z32,1
Z32.36,Z32,1
Z32.37,Z32,1
Z32.38,Z32,1
Z32.39,Z32,1
Z32.40,Z32,1
Z32.41,Z32,1
Z32.42,Z32,1
Z32.43,Z32,1
Z32.44,Z32,1
Z32.45,Z32,1
Z32.46,Z32,1
Z32.47,Z32,1
Z32.48,Z32,1
Z32.49,Z32,1
Z32.50,Z32,1
Z32.51,Z32,1
Z32.52,Z32,1
Z32.53,Z32,1
Z32.54,Z32,1
Z32.55,Z32,1
Z32.56,Z32,1
Z32.57,Z32,1
Z32.58,Z32,1
Z32.59,Z32,1
Z32.60,Z32,1
Z32.61,Z32,1
Z32.62,Z32,1
Z32.63,Z32,1
Z32.64,Z32,1
Z32.65,Z32,1
Z32.66,Z32,1
Z32.67,Z32,1
Z32.68,Z32,1
Z32.69,Z32,1
Z32.70,Z32,1
Z32.71,Z32,1
Z32.72,Z32,1
Z32.73,Z32,1
Z32.74,Z32,1
Z32.75,Z32,1
Z32.76,Z32,1
Z32.77,Z32,1
Z32.78,Z32,1
Z32.79,Z32,1
Z32.80,Z32,1
Z32.81,Z32,1
Z32.82,Z32,0
Z32.83,Z32,0
Z32.84,Z32,0
Z32.85,Z32,0
Z32.86,Z32,0
Z32.87,Z32,0
Z32.88,Z32,0
Z32.89,Z32,0
Z32.90,Z32,0
Z32.91,Z32,0
Z32.92,Z32,0
Z32.93,Z32,0
Z32.94,Z32,0
Z32.95,Z32,0
Z32.96,Z32,0
Z32.97,Z32,0
Z32.98,Z32,0
Z32.99,Z32,0
Z32.100,Z32,0
Z32.101,Z32,0
Z32.102,Z32,0
Z32.103,Z32,0
Z32.104,Z32,0
Z32.105,Z32,0
Z32.106,Z32,0
Z32.107,Z32,0
Z32.108,Z32,0
Z32.109,Z32,0
Z32.110,Z32,0
Z32.111,Z32,0
Z32.112,Z32,0
Z32.113,Z32,0
Z32.114,Z32,0
Z32.115,Z32,0
Z32.116,Z32,0
Z32.117,Z32,0
Z32.118,Z32,0
Z32.119,Z32,0
Z32.120,Z32,0
Z32.121,Z32,0
Z32.122,Z32,0
Z32.123,Z32,0
Z32.124,Z32,0
Z32.125,Z32,0
Z32.126,Z32,0
Z32.127,Z32,0
Z32.128,Z32,0
Z32.129,Z32,0
Z32.130,Z32,0
Z32.131,Z32,0
Z32.132,Z32,0
Z32.133,Z32,0
Z32.134,Z32,0
Z32.135,Z32,0
Z32.136,Z32,0
Z32.137,Z32,0
Z32.138,Z32,0
Z32.139,Z32,0
Z32.140,Z32,0
Z32.141,Z32,0
Z32.142,Z32,0
Z32.143,Z32,0
Z32.144,Z32,0
Z32.145,Z32,0
Z32.146,Z32,0
Z32.147,Z32,0
Z32.148,Z32,0
Z32.149,Z32,0
Z32.150,Z32,0
Z32.151,Z32,0
Z32.152,Z32,0
Z32.153,Z32,0
Z32.154,Z32,0
Z32.155,Z32,0
Z32.156,Z32,0
Z32.157,Z32,0
Z32.158,Z32,0
Z32.159,Z32,0
Z32.160,Z32,0
Z32.161,Z32,0
Z32.162,Z32,0
Z32.163,Z32,0
Z32.164,Z32,0
Z32.165,Z32,0
Z32.166,Z32,0
Z32.167,Z32,0
Z32.168,Z32,0
Z32.169,Z32,0
Z32.170,Z32,0
Z32.171,Z32,0
Z32.172,Z32,0
Z32.173,Z32,0
Z32.174,Z32,0
Z32.175,Z32,0
Z32.176,Z32,0
Z32.177,Z32,0
Z32.178,Z32,0
Z32.179,Z32,0
Z32.180,Z32,0
Z32.181,Z32,0
Z32.182,Z32,0
Z32.183,Z32,0
Z32.184,Z32,0
Z32.185,Z32,0
Z32.186,Z32,0
Z32.187,Z32,0
Z32.188,Z32,0
Z32.189,Z32,0
Z32.190,Z32,0
Z32.191,Z32,0
Z32.192,Z32,0
Z32.193,Z32,0
Z32.194,Z32,0
Z32.195,Z32,0
Z32.196,Z32,0
Z32.197,Z32,0
Z32.198,Z32,0
Z32.199,Z32,0
Z32.200,Z32,0
Z32.201,Z32,0
Z32.202,Z32,0
Z32.203,Z32,0
Z32.204,Z32,0
Z32.205,Z32,0
Z32.206,Z32,0
Z32.207,Z32,0
Z32.208,Z32,0
Z32.209,Z32,0
Z32.210,Z32,0
Z32.211,Z32,0
Z32.212,Z32,0
Z32.213,Z32,0
Z32.214,Z32,0
Z32.215,Z32,0
Z32.216,Z32,0
Z32.217,Z32,0
Z32.218,Z32,0
Z32.219,Z32,0
Z32.220,Z32,0
Z32.221,Z32,0
Z32.222,Z32,0
Z32.223,Z32,0
Z32.224,Z32,0
Z32.225,Z32,0
Z32.226,Z32,0
Z32.227,Z32,0
Z32.228,Z32,0
Z32.229,Z32,0
Z32.230,Z32,0
Z32.231,Z32,0
Z32.232,Z32,0
Z32.233,Z32,0
Z32.234,Z32,0
Z32.235,Z32,0
Z32.236,Z32,0
Z32.237,Z32,0
Z32.238,Z32,0
Z32.239,Z32,0
Z32.240,Z32,0
Z32.241,Z32,0
Z32.242,Z32,0
Z32.243,Z32,0
Z32.244,Z32,0
Z32.245,Z32,0
Z32.246,Z32,0
Z32.247,Z32,0
Z32.248,Z32,0
Z32.249,Z32,0
Z32.250,Z32,0
Z32.251,Z32,0
Z32.252,Z32,0
Z32.253,Z32,0
Z32.254,Z32,0
Z32.255,Z32,0
Z32.256,Z32,0
Z32.257,Z32,0
Z32.258,Z32,0
Z32.259,Z32,0
Z32.260,Z32,0
Z32.261,Z32,0
Z32.262,Z32,0
Z32.263,Z32,0
Z32.264,Z32,0
Z32.265,Z32,0
Z32.266,Z32,0
Z32.267,Z32,0
Z32.268,Z32,0
Z32.269,Z32,0
Z32.270,Z32,0
Z32.271,Z32,0
Z32.272,Z32,0
Z32.273,Z32,0
Z32.274,Z32,0
Z32.275,Z32,0
Z32.276,Z32,0
Z32.277,Z32,0
Z32.278,Z32,0
Z32.279,Z32,0
Z32.280,Z32,0
Z32.281,Z32,0
Z32.282,Z32,0
Z32.283,Z32,0
Z32.284,Z32,0
Z32.285,Z32,0
Z32.286,Z32,0
Z32.287,Z32,0
Z32.288,Z32,0
Z32.289,Z32,0
Z32.290,Z32,0
Z32.291,Z32,0
Z32.292,Z32,0
Z32.293,Z32,0
Z32.294,Z32,0
Z32.295,Z32,0
Z32.296,Z32,0
Z32.297,Z32,0
Z32.298,Z32,0
Z32.299,Z32,0
Z32.300,Z32,0
Z32.301,Z32,0
Z32.302,Z32,0
Z32.303,Z32,0
Z32.304,Z32,0
Z32.305,Z32,0
Z32.306,Z32,0
Z32.307,Z32,0
Z32.308,Z32,0
Z32.309,Z32,0
Z32.310,Z32,0
Z32.311,Z32,0
Z32.312,Z32,0
Z32.313,Z32,0
Z32.314,Z32,0
Z32.315,Z32,0
Z32.316,Z32,0
Z32.317,Z32,0
Z32.318,Z32,0
Z32.319,Z32,0
Z32.320,Z32,0
Z32.321,Z32,0
Z32.322,Z32,0
Z32.323,Z32,0
Z32.324,Z32,0
Z32.325,Z32,0
Z32.326,Z32,0
Z32.327,Z32,0
Z32.328,Z32,0
Z32.329,Z32,0
Z32.330,Z32,0
Z32.331,Z32,0
Z32.332,Z32,0
Z32.333,Z32,0
Z32.334,Z32,0
Z32.335,Z32,0
Z32.336,Z32,0
Z32.337,Z32,0
Z32.338,Z32,0
Z32.339,Z32,0
Z32.340,Z32,0
Z32.341,Z32,0
Z32.342,Z32,0
Z32.343,Z32,0
Z32.344,Z32,0
Z32.345,Z32,0
Z32.346,Z32,0
Z32.347,Z32,0
Z32.348,Z32,0
Z32.349,Z32,0
Z32.350,Z32,0
Z32.351,Z32,0
Z32.352,Z32,0
Z32.353,Z32,0
Z32.354,Z32,0
Z32.355,Z32,0
Z32.356,Z32,0
Z32.357,Z32,0
Z32.358,Z32,0
Z32.359,Z32,0
Z32.360,Z32,0
Z32.361,Z32,0
Z32.362,Z32,0
Z32.363,Z32,0
Z32.364,Z32,0
Z32.365,Z32,0
Z32.366,Z32,0
Z32.367,Z32,0
Z32.368,Z32,0
Z32.369,Z32,0
Z32.370,Z32,0
Z32.371,Z32,0
Z32.372,Z32,0
Z32.373,Z32,0
Z32.374,Z32,0
Z32.375,Z32,0
Z32.376,Z32,0
Z32.377,Z32,0
Z32.378,Z32,0
Z32.379,Z32,0
Z32.380,Z32,0
Z32.381,Z32,0
Z32.382,Z32,0
Z32.383,Z32,0
Z32.384,Z32,0
Z32.385,Z32,0
Z32.386,Z32,0
Z32.387,Z32,0
Z32.388,Z32,0
